-- Generated by Craft v2.6.2990 on Oct 3, 2017, 5:29:01 PM.

--
-- Disable foreign key checks and autocommit.
--

SET FOREIGN_KEY_CHECKS = 0;
SET SQL_MODE = "NO_AUTO_VALUE_ON_ZERO";
SET AUTOCOMMIT = 0;
SET NAMES utf8;


DROP TABLE IF EXISTS `craft_assetfiles`;


--
-- Schema for table `craft_assetfiles`
--
CREATE TABLE `craft_assetfiles` (
  `id` int(11) NOT NULL,
  `sourceId` int(11) DEFAULT NULL,
  `folderId` int(11) NOT NULL,
  `filename` varchar(255) COLLATE utf8_unicode_ci NOT NULL,
  `kind` varchar(50) COLLATE utf8_unicode_ci NOT NULL DEFAULT 'unknown',
  `width` int(11) unsigned DEFAULT NULL,
  `height` int(11) unsigned DEFAULT NULL,
  `size` bigint(20) unsigned DEFAULT NULL,
  `dateModified` datetime DEFAULT NULL,
  `dateCreated` datetime NOT NULL,
  `dateUpdated` datetime NOT NULL,
  `uid` char(36) COLLATE utf8_unicode_ci NOT NULL DEFAULT '0',
  PRIMARY KEY (`id`),
  UNIQUE KEY `craft_assetfiles_filename_folderId_unq_idx` (`filename`,`folderId`),
  KEY `craft_assetfiles_sourceId_fk` (`sourceId`),
  KEY `craft_assetfiles_folderId_fk` (`folderId`)
) ENGINE=InnoDB DEFAULT CHARSET=utf8 COLLATE=utf8_unicode_ci;

--
-- Data for table `craft_assetfiles`
--

INSERT INTO `craft_assetfiles` (`id`, `sourceId`, `folderId`, `filename`, `kind`, `width`, `height`, `size`, `dateModified`, `dateCreated`, `dateUpdated`, `uid`) VALUES
 ('5', '2', '2', 'logo.png', 'image', '170', '154', '26737', '2017-09-27 18:11:30', '2017-09-27 18:11:30', '2017-09-27 19:22:35', '677c20c3-ef46-47c0-8c88-91a93a77e9e8'),
 ('6', '2', '4', 'newsletter-bg.jpg', 'image', '1024', '254', '45636', '2017-08-29 22:17:47', '2017-09-27 19:22:34', '2017-09-27 19:22:34', '3e81aef6-78a3-4ad5-b5b5-70a5163fd796'),
 ('7', '2', '4', 'hero-bg.jpg', 'image', '1024', '685', '183677', '2017-08-29 19:36:04', '2017-09-27 19:22:34', '2017-09-27 19:22:34', '9d89d51e-bd58-4947-a8cf-231b3ed5ae4f'),
 ('8', '2', '4', 'logo.png', 'image', '170', '154', '27888', '2017-08-29 20:30:27', '2017-09-27 19:22:34', '2017-09-27 19:22:34', '3a11590e-fb58-48bb-b732-bfdfdf58233f'),
 ('9', '2', '4', 'play-btn.png', 'image', '93', '93', '3573', '2017-08-29 19:51:41', '2017-09-27 19:22:35', '2017-09-27 19:22:35', 'bad56e7c-0401-4d6c-934d-f8ac7aec9078'),
 ('10', '2', '4', 'wolf-no-bg.png', 'image', '326', '223', '101144', '2017-08-29 22:28:15', '2017-09-27 19:22:35', '2017-09-27 19:22:35', '59f86e52-3406-4ada-bc81-900504b0c3a9'),
 ('16', '2', '2', 'news-bg.jpg', 'image', '1400', '933', '80282', '2017-09-30 02:37:26', '2017-09-30 02:37:27', '2017-09-30 02:37:27', '86334502-8c72-4b87-b176-ee3451f1981a');



DROP TABLE IF EXISTS `craft_assetfolders`;


--
-- Schema for table `craft_assetfolders`
--
CREATE TABLE `craft_assetfolders` (
  `id` int(11) NOT NULL AUTO_INCREMENT,
  `parentId` int(11) DEFAULT NULL,
  `sourceId` int(11) DEFAULT NULL,
  `name` varchar(255) COLLATE utf8_unicode_ci NOT NULL,
  `path` varchar(255) COLLATE utf8_unicode_ci DEFAULT NULL,
  `dateCreated` datetime NOT NULL,
  `dateUpdated` datetime NOT NULL,
  `uid` char(36) COLLATE utf8_unicode_ci NOT NULL DEFAULT '0',
  PRIMARY KEY (`id`),
  UNIQUE KEY `craft_assetfolders_name_parentId_sourceId_unq_idx` (`name`,`parentId`,`sourceId`),
  KEY `craft_assetfolders_parentId_fk` (`parentId`),
  KEY `craft_assetfolders_sourceId_fk` (`sourceId`)
) ENGINE=InnoDB AUTO_INCREMENT=6 DEFAULT CHARSET=utf8 COLLATE=utf8_unicode_ci;

--
-- Data for table `craft_assetfolders`
--

INSERT INTO `craft_assetfolders` (`id`, `parentId`, `sourceId`, `name`, `path`, `dateCreated`, `dateUpdated`, `uid`) VALUES
 ('2', NULL, '2', 'Images', '', '2017-09-19 17:02:58', '2017-09-19 17:02:58', 'aae5b732-54bf-4126-90ac-557cb96b8cea'),
 ('3', '2', '2', 'css', 'css/', '2017-09-27 19:22:33', '2017-09-27 19:22:33', 'b742f031-cbe6-46fc-814d-79016a987278'),
 ('4', '2', '2', 'images', 'images/', '2017-09-27 19:22:33', '2017-09-27 19:22:33', 'fbd8632b-b8ee-4471-9fc0-73c21e011918'),
 ('5', '2', '2', 'js', 'js/', '2017-09-27 19:22:33', '2017-09-27 19:22:33', 'd5a423ca-750a-4e2e-947c-c75a7d8ba386');



DROP TABLE IF EXISTS `craft_assetindexdata`;


--
-- Schema for table `craft_assetindexdata`
--
CREATE TABLE `craft_assetindexdata` (
  `id` int(11) NOT NULL AUTO_INCREMENT,
  `sessionId` varchar(36) COLLATE utf8_unicode_ci NOT NULL DEFAULT '',
  `sourceId` int(10) NOT NULL,
  `offset` int(10) NOT NULL,
  `uri` varchar(255) COLLATE utf8_unicode_ci DEFAULT NULL,
  `size` varchar(255) COLLATE utf8_unicode_ci DEFAULT NULL,
  `recordId` int(10) DEFAULT NULL,
  `dateCreated` datetime NOT NULL,
  `dateUpdated` datetime NOT NULL,
  `uid` char(36) COLLATE utf8_unicode_ci NOT NULL DEFAULT '0',
  PRIMARY KEY (`id`),
  UNIQUE KEY `craft_assetindexdata_sessionId_sourceId_offset_unq_idx` (`sessionId`,`sourceId`,`offset`),
  KEY `craft_assetindexdata_sourceId_fk` (`sourceId`)
) ENGINE=InnoDB AUTO_INCREMENT=8 DEFAULT CHARSET=utf8 COLLATE=utf8_unicode_ci;

DROP TABLE IF EXISTS `craft_assetsources`;


--
-- Schema for table `craft_assetsources`
--
CREATE TABLE `craft_assetsources` (
  `id` int(11) NOT NULL AUTO_INCREMENT,
  `name` varchar(255) COLLATE utf8_unicode_ci NOT NULL,
  `handle` varchar(255) COLLATE utf8_unicode_ci NOT NULL,
  `type` varchar(150) COLLATE utf8_unicode_ci NOT NULL,
  `settings` text COLLATE utf8_unicode_ci,
  `sortOrder` smallint(6) unsigned DEFAULT NULL,
  `fieldLayoutId` int(10) DEFAULT NULL,
  `dateCreated` datetime NOT NULL,
  `dateUpdated` datetime NOT NULL,
  `uid` char(36) COLLATE utf8_unicode_ci NOT NULL DEFAULT '0',
  PRIMARY KEY (`id`),
  UNIQUE KEY `craft_assetsources_name_unq_idx` (`name`),
  UNIQUE KEY `craft_assetsources_handle_unq_idx` (`handle`),
  KEY `craft_assetsources_fieldLayoutId_fk` (`fieldLayoutId`)
) ENGINE=InnoDB AUTO_INCREMENT=3 DEFAULT CHARSET=utf8 COLLATE=utf8_unicode_ci;

--
-- Data for table `craft_assetsources`
--

INSERT INTO `craft_assetsources` (`id`, `name`, `handle`, `type`, `settings`, `sortOrder`, `fieldLayoutId`, `dateCreated`, `dateUpdated`, `uid`) VALUES
 ('2', 'Images', 'images', 'Local', '{\"path\":\"\\/Users\\/ryanjanvier\\/Valet Websites\\/cpdfn\\/public\\/assets\\/uploads\\/\",\"publicURLs\":\"1\",\"url\":\"assets\\/uploads\\/\"}', '1', '18', '2017-09-19 17:02:58', '2017-09-30 02:41:55', 'cce929c3-c5ec-4551-b68f-1ffa1ce9465c');



DROP TABLE IF EXISTS `craft_assettransformindex`;


--
-- Schema for table `craft_assettransformindex`
--
CREATE TABLE `craft_assettransformindex` (
  `id` int(11) NOT NULL AUTO_INCREMENT,
  `fileId` int(11) NOT NULL,
  `filename` varchar(255) COLLATE utf8_unicode_ci DEFAULT NULL,
  `format` varchar(255) COLLATE utf8_unicode_ci DEFAULT NULL,
  `location` varchar(255) COLLATE utf8_unicode_ci NOT NULL,
  `sourceId` int(11) DEFAULT NULL,
  `fileExists` tinyint(1) DEFAULT NULL,
  `inProgress` tinyint(1) DEFAULT NULL,
  `dateIndexed` datetime DEFAULT NULL,
  `dateCreated` datetime NOT NULL,
  `dateUpdated` datetime NOT NULL,
  `uid` char(36) COLLATE utf8_unicode_ci NOT NULL DEFAULT '0',
  PRIMARY KEY (`id`),
  KEY `craft_assettransformindex_sourceId_fileId_location_idx` (`sourceId`,`fileId`,`location`)
) ENGINE=InnoDB DEFAULT CHARSET=utf8 COLLATE=utf8_unicode_ci;

DROP TABLE IF EXISTS `craft_assettransforms`;


--
-- Schema for table `craft_assettransforms`
--
CREATE TABLE `craft_assettransforms` (
  `id` int(11) NOT NULL AUTO_INCREMENT,
  `name` varchar(255) COLLATE utf8_unicode_ci NOT NULL,
  `handle` varchar(255) COLLATE utf8_unicode_ci NOT NULL,
  `mode` enum('stretch','fit','crop') COLLATE utf8_unicode_ci NOT NULL DEFAULT 'crop',
  `position` enum('top-left','top-center','top-right','center-left','center-center','center-right','bottom-left','bottom-center','bottom-right') COLLATE utf8_unicode_ci NOT NULL DEFAULT 'center-center',
  `height` int(10) DEFAULT NULL,
  `width` int(10) DEFAULT NULL,
  `format` varchar(255) COLLATE utf8_unicode_ci DEFAULT NULL,
  `quality` int(10) DEFAULT NULL,
  `dimensionChangeTime` datetime DEFAULT NULL,
  `dateCreated` datetime NOT NULL,
  `dateUpdated` datetime NOT NULL,
  `uid` char(36) COLLATE utf8_unicode_ci NOT NULL DEFAULT '0',
  PRIMARY KEY (`id`),
  UNIQUE KEY `craft_assettransforms_name_unq_idx` (`name`),
  UNIQUE KEY `craft_assettransforms_handle_unq_idx` (`handle`)
) ENGINE=InnoDB DEFAULT CHARSET=utf8 COLLATE=utf8_unicode_ci;

DROP TABLE IF EXISTS `craft_categories`;


--
-- Schema for table `craft_categories`
--
CREATE TABLE `craft_categories` (
  `id` int(11) NOT NULL,
  `groupId` int(11) NOT NULL,
  `dateCreated` datetime NOT NULL,
  `dateUpdated` datetime NOT NULL,
  `uid` char(36) COLLATE utf8_unicode_ci NOT NULL DEFAULT '0',
  PRIMARY KEY (`id`),
  KEY `craft_categories_groupId_fk` (`groupId`)
) ENGINE=InnoDB DEFAULT CHARSET=utf8 COLLATE=utf8_unicode_ci;

DROP TABLE IF EXISTS `craft_categorygroups`;


--
-- Schema for table `craft_categorygroups`
--
CREATE TABLE `craft_categorygroups` (
  `id` int(11) NOT NULL AUTO_INCREMENT,
  `structureId` int(11) NOT NULL,
  `fieldLayoutId` int(11) DEFAULT NULL,
  `name` varchar(255) COLLATE utf8_unicode_ci NOT NULL,
  `handle` varchar(255) COLLATE utf8_unicode_ci NOT NULL,
  `hasUrls` tinyint(1) unsigned NOT NULL DEFAULT '1',
  `template` varchar(500) COLLATE utf8_unicode_ci DEFAULT NULL,
  `dateCreated` datetime NOT NULL,
  `dateUpdated` datetime NOT NULL,
  `uid` char(36) COLLATE utf8_unicode_ci NOT NULL DEFAULT '0',
  PRIMARY KEY (`id`),
  UNIQUE KEY `craft_categorygroups_name_unq_idx` (`name`),
  UNIQUE KEY `craft_categorygroups_handle_unq_idx` (`handle`),
  KEY `craft_categorygroups_structureId_fk` (`structureId`),
  KEY `craft_categorygroups_fieldLayoutId_fk` (`fieldLayoutId`)
) ENGINE=InnoDB DEFAULT CHARSET=utf8 COLLATE=utf8_unicode_ci;

DROP TABLE IF EXISTS `craft_categorygroups_i18n`;


--
-- Schema for table `craft_categorygroups_i18n`
--
CREATE TABLE `craft_categorygroups_i18n` (
  `id` int(11) NOT NULL AUTO_INCREMENT,
  `groupId` int(11) NOT NULL,
  `locale` char(12) COLLATE utf8_unicode_ci NOT NULL,
  `urlFormat` text COLLATE utf8_unicode_ci,
  `nestedUrlFormat` text COLLATE utf8_unicode_ci,
  `dateCreated` datetime NOT NULL,
  `dateUpdated` datetime NOT NULL,
  `uid` char(36) COLLATE utf8_unicode_ci NOT NULL DEFAULT '0',
  PRIMARY KEY (`id`),
  UNIQUE KEY `craft_categorygroups_i18n_groupId_locale_unq_idx` (`groupId`,`locale`),
  KEY `craft_categorygroups_i18n_locale_fk` (`locale`)
) ENGINE=InnoDB DEFAULT CHARSET=utf8 COLLATE=utf8_unicode_ci;

DROP TABLE IF EXISTS `craft_content`;


--
-- Schema for table `craft_content`
--
CREATE TABLE `craft_content` (
  `id` int(11) NOT NULL AUTO_INCREMENT,
  `elementId` int(11) NOT NULL,
  `locale` char(12) COLLATE utf8_unicode_ci NOT NULL,
  `title` varchar(255) COLLATE utf8_unicode_ci DEFAULT NULL,
  `field_body` text COLLATE utf8_unicode_ci,
  `field_summary` varchar(120) COLLATE utf8_unicode_ci DEFAULT NULL,
  `field_eventStart` datetime DEFAULT NULL,
  `field_eventEnd` datetime DEFAULT NULL,
  `dateCreated` datetime NOT NULL,
  `dateUpdated` datetime NOT NULL,
  `uid` char(36) COLLATE utf8_unicode_ci NOT NULL DEFAULT '0',
  PRIMARY KEY (`id`),
  UNIQUE KEY `craft_content_elementId_locale_unq_idx` (`elementId`,`locale`),
  KEY `craft_content_title_idx` (`title`),
  KEY `craft_content_locale_fk` (`locale`)
) ENGINE=InnoDB AUTO_INCREMENT=17 DEFAULT CHARSET=utf8 COLLATE=utf8_unicode_ci;

--
-- Data for table `craft_content`
--

INSERT INTO `craft_content` (`id`, `elementId`, `locale`, `title`, `field_body`, `field_summary`, `field_eventStart`, `field_eventEnd`, `dateCreated`, `dateUpdated`, `uid`) VALUES
 ('1', '1', 'en_ca', NULL, NULL, NULL, NULL, NULL, '2017-09-15 20:51:23', '2017-09-15 20:51:23', '93643908-52c0-4b8e-ad75-7c66d8bd66f0'),
 ('2', '2', 'en_ca', 'Homepage', '<p>Hello! This is a test</p>', NULL, NULL, NULL, '2017-09-15 20:51:25', '2017-09-30 02:08:44', 'a42cff3e-69a2-492f-8890-41c7d7e593f5'),
 ('5', '5', 'en_ca', 'Logo', NULL, NULL, NULL, NULL, '2017-09-27 18:11:30', '2017-09-27 19:22:35', 'a4387a7b-7494-484c-9710-559260d3643d'),
 ('6', '6', 'en_ca', 'Newsletter Bg', NULL, NULL, NULL, NULL, '2017-09-27 19:22:34', '2017-09-27 19:22:34', 'e7a53fa2-762b-48a0-94bf-7163a23e4c88'),
 ('7', '7', 'en_ca', 'Hero Bg', NULL, NULL, NULL, NULL, '2017-09-27 19:22:34', '2017-09-27 19:22:34', '9d938f96-b4b3-4991-aadc-c68cd156d6c3'),
 ('8', '8', 'en_ca', 'Logo', NULL, NULL, NULL, NULL, '2017-09-27 19:22:34', '2017-09-27 19:22:34', '45b9f5af-2da8-4ade-a6b9-262a1298204c'),
 ('9', '9', 'en_ca', 'Play Btn', NULL, NULL, NULL, NULL, '2017-09-27 19:22:35', '2017-09-27 19:22:35', '53e2a4a8-0fd6-4d09-9c0d-a5b79cd748fe'),
 ('10', '10', 'en_ca', 'Wolf No Bg', NULL, NULL, NULL, NULL, '2017-09-27 19:22:35', '2017-09-27 19:22:35', 'f2dd321e-d665-4e16-9088-bb6d98c7a6bb'),
 ('11', '11', 'en_ca', 'This is a test', '<p>Lorem ipsum dolor sit amet, consectetur adipiscing elit. Fusce hendrerit nisi velit, id mattis turpis tincidunt et. Duis id tortor mi. Vestibulum efficitur, risus non vulputate porta, diam ex semper nibh, a cursus lacus nisl eu enim. Maecenas bibendum risus non imperdiet rhoncus. Phasellus imperdiet vulputate urna, finibus consectetur dui posuere ac. Curabitur tempus sem finibus lectus dignissim, in facilisis arcu auctor. Nunc fringilla, lacus nec sagittis fermentum, orci diam pellentesque dolor, vitae maximus massa urna non lectus. Suspendisse sagittis rutrum tortor. Sed euismod, orci et eleifend convallis, ipsum nibh fringilla tellus, at dictum nibh nisi non libero. Nam vitae leo ac nibh porta mollis. Aliquam lacus sem, vulputate sit amet tincidunt eget, eleifend eu dui.</p>\n<p>Etiam tellus eros, pharetra quis lobortis ornare, accumsan ac leo. Duis pretium diam tellus, eget luctus tellus dapibus in. Vestibulum laoreet elit lectus, non pharetra ex auctor ac. Donec egestas orci eget mauris vehicula, id gravida purus aliquam. Suspendisse vel nulla velit. Proin viverra dui vitae felis molestie eleifend. Praesent non nulla aliquet, varius justo vitae, laoreet lacus. In eleifend dolor eget libero tincidunt, id placerat tortor dapibus. Quisque est massa, finibus in faucibus in, porta non ipsum.</p>\n<p>Donec ornare cursus ligula. Sed nec ligula eros. In hac habitasse platea dictumst. Nunc convallis lacus rhoncus, iaculis lacus ac, condimentum sapien. Pellentesque tortor urna, maximus sit amet porttitor ac, scelerisque nec arcu. Donec posuere est vestibulum molestie ultrices. Sed scelerisque dolor in diam pulvinar, vel sodales quam imperdiet. Morbi ut lectus pellentesque, molestie sem quis, porttitor ligula. In mattis sem vitae euismod interdum.</p>', 'Lorem ipsum dolor sit amet, consectetur adipiscing elit. Fusce hendrerit nisi velit, id mattis turpis innit amoo', NULL, NULL, '2017-09-28 16:38:17', '2017-09-30 02:49:30', '50b79b15-2dc4-4bcb-8246-8e7dbcfca8f0'),
 ('12', '12', 'en_ca', 'Double time!', '<p>Lorem ipsum dolor sit amet, consectetur adipiscing elit. Fusce hendrerit nisi velit, id mattis turpis tincidunt et. Duis id tortor mi. Vestibulum efficitur, risus non vulputate porta, diam ex semper nibh, a cursus lacus nisl eu enim. Maecenas bibendum risus non imperdiet rhoncus. Phasellus imperdiet vulputate urna, finibus consectetur dui posuere ac. Curabitur tempus sem finibus lectus dignissim, in facilisis arcu auctor. Nunc fringilla, lacus nec sagittis fermentum, orci diam pellentesque dolor, vitae maximus massa urna non lectus. Suspendisse sagittis rutrum tortor. Sed euismod, orci et eleifend convallis, ipsum nibh fringilla tellus, at dictum nibh nisi non libero. Nam vitae leo ac nibh porta mollis. Aliquam lacus sem, vulputate sit amet tincidunt eget, eleifend eu dui.</p>\n<p>Etiam tellus eros, pharetra quis lobortis ornare, accumsan ac leo. Duis pretium diam tellus, eget luctus tellus dapibus in. Vestibulum laoreet elit lectus, non pharetra ex auctor ac. Donec egestas orci eget mauris vehicula, id gravida purus aliquam. Suspendisse vel nulla velit. Proin viverra dui vitae felis molestie eleifend. Praesent non nulla aliquet, varius justo vitae, laoreet lacus. In eleifend dolor eget libero tincidunt, id placerat tortor dapibus. Quisque est massa, finibus in faucibus in, porta non ipsum.</p>\n<p>Donec ornare cursus ligula. Sed nec ligula eros. In hac habitasse platea dictumst. Nunc convallis lacus rhoncus, iaculis lacus ac, condimentum sapien. Pellentesque tortor urna, maximus sit amet porttitor ac, scelerisque nec arcu. Donec posuere est vestibulum molestie ultrices. Sed scelerisque dolor in diam pulvinar, vel sodales quam imperdiet. Morbi ut lectus pellentesque, molestie sem quis, porttitor ligula. In mattis sem vitae euismod interdum.</p>', 'Lorem ipsum dolor sit amet, consectetur adipiscing elit. Fusce hendrerit nisi velit.', NULL, NULL, '2017-09-28 17:33:32', '2017-09-30 02:49:31', '6c9c83e9-248a-4fbb-9b62-5ea9e5a15076'),
 ('13', '13', 'en_ca', 'Three times? Heck yes! Long title test too.', '<p>Lorem ipsum dolor sit amet, consectetur adipiscing elit. Fusce hendrerit nisi velit, id mattis turpis tincidunt et. Duis id tortor mi. Vestibulum efficitur, risus non vulputate porta, diam ex semper nibh, a cursus lacus nisl eu enim. Maecenas bibendum risus non imperdiet rhoncus. Phasellus imperdiet vulputate urna, finibus consectetur dui posuere ac. Curabitur tempus sem finibus lectus dignissim, in facilisis arcu auctor. Nunc fringilla, lacus nec sagittis fermentum, orci diam pellentesque dolor, vitae maximus massa urna non lectus. Suspendisse sagittis rutrum tortor. Sed euismod, orci et eleifend convallis, ipsum nibh fringilla tellus, at dictum nibh nisi non libero. Nam vitae leo ac nibh porta mollis. Aliquam lacus sem, vulputate sit amet tincidunt eget, eleifend eu dui.</p>\n<p>Etiam tellus eros, pharetra quis lobortis ornare, accumsan ac leo. Duis pretium diam tellus, eget luctus tellus dapibus in. Vestibulum laoreet elit lectus, non pharetra ex auctor ac. Donec egestas orci eget mauris vehicula, id gravida purus aliquam. Suspendisse vel nulla velit. Proin viverra dui vitae felis molestie eleifend. Praesent non nulla aliquet, varius justo vitae, laoreet lacus. In eleifend dolor eget libero tincidunt, id placerat tortor dapibus. Quisque est massa, finibus in faucibus in, porta non ipsum.</p>\n<p>Donec ornare cursus ligula. Sed nec ligula eros. In hac habitasse platea dictumst. Nunc convallis lacus rhoncus, iaculis lacus ac, condimentum sapien. Pellentesque tortor urna, maximus sit amet porttitor ac, scelerisque nec arcu. Donec posuere est vestibulum molestie ultrices. Sed scelerisque dolor in diam pulvinar, vel sodales quam imperdiet. Morbi ut lectus pellentesque, molestie sem quis, porttitor ligula. In mattis sem vitae euismod interdum.</p>', 'Maecenas bibendum risus non imperdiet rhoncus. Phasellus imperdiet vulputate urna, finibus consectetur dui posuere ac. ', NULL, NULL, '2017-09-28 17:34:19', '2017-09-30 02:49:31', '17300594-d100-4dfc-9ebe-88b031cb2c21'),
 ('14', '14', 'en_ca', 'Harvest Camp', '<p>Some cool content will go here to showcase the event. I would assume images, text, video etc. So fun!</p>', NULL, '2017-10-10 08:00:00', '2017-10-19 19:30:00', '2017-09-29 20:02:43', '2017-09-29 20:02:43', 'bbb6c3d7-7908-42b0-a716-446b8ec3199a'),
 ('15', '15', 'en_ca', 'About', '<p>This is a test</p>', NULL, NULL, NULL, '2017-09-30 02:07:57', '2017-10-03 17:23:01', '76691af9-398d-4a14-a5bf-50b7f754d542'),
 ('16', '16', 'en_ca', 'News Bg', NULL, NULL, NULL, NULL, '2017-09-30 02:37:27', '2017-09-30 02:37:27', 'c4a98aaf-0f8c-4f56-8301-26fa8f67dac2');



DROP TABLE IF EXISTS `craft_deprecationerrors`;


--
-- Schema for table `craft_deprecationerrors`
--
CREATE TABLE `craft_deprecationerrors` (
  `id` int(11) NOT NULL AUTO_INCREMENT,
  `key` varchar(255) COLLATE utf8_unicode_ci NOT NULL,
  `fingerprint` varchar(255) COLLATE utf8_unicode_ci NOT NULL,
  `lastOccurrence` datetime NOT NULL,
  `file` varchar(255) COLLATE utf8_unicode_ci NOT NULL,
  `line` smallint(6) unsigned NOT NULL,
  `class` varchar(255) COLLATE utf8_unicode_ci DEFAULT NULL,
  `method` varchar(255) COLLATE utf8_unicode_ci DEFAULT NULL,
  `template` varchar(255) COLLATE utf8_unicode_ci DEFAULT NULL,
  `templateLine` smallint(6) unsigned DEFAULT NULL,
  `message` varchar(255) COLLATE utf8_unicode_ci DEFAULT NULL,
  `traces` text COLLATE utf8_unicode_ci,
  `dateCreated` datetime NOT NULL,
  `dateUpdated` datetime NOT NULL,
  `uid` char(36) COLLATE utf8_unicode_ci NOT NULL DEFAULT '0',
  PRIMARY KEY (`id`),
  UNIQUE KEY `craft_deprecationerrors_key_fingerprint_unq_idx` (`key`,`fingerprint`)
) ENGINE=InnoDB AUTO_INCREMENT=18 DEFAULT CHARSET=utf8 COLLATE=utf8_unicode_ci;

--
-- Data for table `craft_deprecationerrors`
--

INSERT INTO `craft_deprecationerrors` (`id`, `key`, `fingerprint`, `lastOccurrence`, `file`, `line`, `class`, `method`, `template`, `templateLine`, `message`, `traces`, `dateCreated`, `dateUpdated`, `uid`) VALUES
 ('1', '{% endpaginate %}', '/Users/ryanjanvier/Valet Websites/cpdfn/craft/templates/news/index.html', '2017-09-30 02:58:57', '/Users/ryanjanvier/Valet Websites/cpdfn/craft/app/etc/templating/twigextensions/DeprecatedTag_TokenParser.php', '58', 'Craft\\DeprecatedTag_TokenParser', 'parse', '/Users/ryanjanvier/Valet Websites/cpdfn/craft/templates/news/index.html', NULL, 'The {% endpaginate %} tag is no longer necessary. You can remove it from your ‘news’ template on line 36.', '[{\"objectClass\":\"Craft\\\\DeprecatorService\",\"file\":\"\\/Users\\/ryanjanvier\\/Valet Websites\\/cpdfn\\/craft\\/app\\/etc\\/templating\\/twigextensions\\/DeprecatedTag_TokenParser.php\",\"line\":58,\"class\":\"Craft\\\\DeprecatorService\",\"method\":\"log\",\"args\":\"\\\"{% endpaginate %}\\\", \\\"The {% endpaginate %} tag is no longer necessary. You can remove...\\\"\"},{\"objectClass\":\"Craft\\\\DeprecatedTag_TokenParser\",\"file\":\"\\/Users\\/ryanjanvier\\/Valet Websites\\/cpdfn\\/craft\\/app\\/vendor\\/twig\\/twig\\/lib\\/Twig\\/Parser.php\",\"line\":190,\"class\":\"Craft\\\\DeprecatedTag_TokenParser\",\"method\":\"parse\",\"args\":\"Twig_Token\"},{\"objectClass\":\"Craft\\\\TwigParser\",\"file\":\"\\/Users\\/ryanjanvier\\/Valet Websites\\/cpdfn\\/craft\\/app\\/vendor\\/twig\\/twig\\/lib\\/Twig\\/TokenParser\\/Block.php\",\"line\":40,\"class\":\"Twig_Parser\",\"method\":\"subparse\",\"args\":\"array(Twig_TokenParser_Block, \\\"decideBlockEnd\\\"), true\"},{\"objectClass\":\"Twig_TokenParser_Block\",\"file\":\"\\/Users\\/ryanjanvier\\/Valet Websites\\/cpdfn\\/craft\\/app\\/vendor\\/twig\\/twig\\/lib\\/Twig\\/Parser.php\",\"line\":190,\"class\":\"Twig_TokenParser_Block\",\"method\":\"parse\",\"args\":\"Twig_Token\"},{\"objectClass\":\"Craft\\\\TwigParser\",\"file\":\"\\/Users\\/ryanjanvier\\/Valet Websites\\/cpdfn\\/craft\\/app\\/vendor\\/twig\\/twig\\/lib\\/Twig\\/Parser.php\",\"line\":103,\"class\":\"Twig_Parser\",\"method\":\"subparse\",\"args\":\"null, false\"},{\"objectClass\":\"Craft\\\\TwigParser\",\"file\":\"\\/Users\\/ryanjanvier\\/Valet Websites\\/cpdfn\\/craft\\/app\\/vendor\\/twig\\/twig\\/lib\\/Twig\\/Environment.php\",\"line\":692,\"class\":\"Twig_Parser\",\"method\":\"parse\",\"args\":\"Twig_TokenStream\"},{\"objectClass\":\"Craft\\\\TwigEnvironment\",\"file\":\"\\/Users\\/ryanjanvier\\/Valet Websites\\/cpdfn\\/craft\\/app\\/vendor\\/twig\\/twig\\/lib\\/Twig\\/Environment.php\",\"line\":750,\"class\":\"Twig_Environment\",\"method\":\"parse\",\"args\":\"Twig_TokenStream\"},{\"objectClass\":\"Craft\\\\TwigEnvironment\",\"file\":\"\\/Users\\/ryanjanvier\\/Valet Websites\\/cpdfn\\/craft\\/app\\/vendor\\/twig\\/twig\\/lib\\/Twig\\/Environment.php\",\"line\":447,\"class\":\"Twig_Environment\",\"method\":\"compileSource\",\"args\":\"Twig_Source\"},{\"objectClass\":\"Craft\\\\TwigEnvironment\",\"file\":\"\\/Users\\/ryanjanvier\\/Valet Websites\\/cpdfn\\/craft\\/app\\/etc\\/templating\\/TwigEnvironment.php\",\"line\":61,\"class\":\"Twig_Environment\",\"method\":\"loadTemplate\",\"args\":\"\\\"news\\\", null\"},{\"objectClass\":\"Craft\\\\TwigEnvironment\",\"file\":\"\\/Users\\/ryanjanvier\\/Valet Websites\\/cpdfn\\/craft\\/app\\/vendor\\/twig\\/twig\\/lib\\/Twig\\/Environment.php\",\"line\":362,\"class\":\"Craft\\\\TwigEnvironment\",\"method\":\"loadTemplate\",\"args\":\"\\\"news\\\"\"},{\"objectClass\":\"Craft\\\\TwigEnvironment\",\"file\":\"\\/Users\\/ryanjanvier\\/Valet Websites\\/cpdfn\\/craft\\/app\\/services\\/TemplatesService.php\",\"line\":256,\"class\":\"Twig_Environment\",\"method\":\"render\",\"args\":\"\\\"news\\\", array()\"},{\"objectClass\":\"Craft\\\\TemplatesService\",\"file\":\"\\/Users\\/ryanjanvier\\/Valet Websites\\/cpdfn\\/craft\\/app\\/controllers\\/BaseController.php\",\"line\":74,\"class\":\"Craft\\\\TemplatesService\",\"method\":\"render\",\"args\":\"\\\"news\\\", array()\"},{\"objectClass\":\"Craft\\\\TemplatesController\",\"file\":\"\\/Users\\/ryanjanvier\\/Valet Websites\\/cpdfn\\/craft\\/app\\/controllers\\/TemplatesController.php\",\"line\":68,\"class\":\"Craft\\\\BaseController\",\"method\":\"renderTemplate\",\"args\":\"\\\"news\\\", array()\"},{\"objectClass\":\"Craft\\\\TemplatesController\",\"file\":null,\"line\":null,\"class\":\"Craft\\\\TemplatesController\",\"method\":\"actionRender\",\"args\":\"\\\"news\\\", array()\"},{\"objectClass\":\"ReflectionMethod\",\"file\":\"\\/Users\\/ryanjanvier\\/Valet Websites\\/cpdfn\\/craft\\/app\\/framework\\/web\\/actions\\/CAction.php\",\"line\":109,\"class\":\"ReflectionMethod\",\"method\":\"invokeArgs\",\"args\":\"Craft\\\\TemplatesController, array(\\\"news\\\", array())\"},{\"objectClass\":\"CInlineAction\",\"file\":\"\\/Users\\/ryanjanvier\\/Valet Websites\\/cpdfn\\/craft\\/app\\/framework\\/web\\/actions\\/CInlineAction.php\",\"line\":47,\"class\":\"CAction\",\"method\":\"runWithParamsInternal\",\"args\":\"Craft\\\\TemplatesController, ReflectionMethod, array(\\\"variables\\\" => array(), \\\"template\\\" => \\\"news\\\")\"},{\"objectClass\":\"CInlineAction\",\"file\":\"\\/Users\\/ryanjanvier\\/Valet Websites\\/cpdfn\\/craft\\/app\\/framework\\/web\\/CController.php\",\"line\":308,\"class\":\"CInlineAction\",\"method\":\"runWithParams\",\"args\":\"array(\\\"variables\\\" => array(), \\\"template\\\" => \\\"news\\\")\"},{\"objectClass\":\"Craft\\\\TemplatesController\",\"file\":\"\\/Users\\/ryanjanvier\\/Valet Websites\\/cpdfn\\/craft\\/app\\/framework\\/web\\/CController.php\",\"line\":286,\"class\":\"CController\",\"method\":\"runAction\",\"args\":\"CInlineAction\"},{\"objectClass\":\"Craft\\\\TemplatesController\",\"file\":\"\\/Users\\/ryanjanvier\\/Valet Websites\\/cpdfn\\/craft\\/app\\/framework\\/web\\/CController.php\",\"line\":265,\"class\":\"CController\",\"method\":\"runActionWithFilters\",\"args\":\"CInlineAction, array()\"},{\"objectClass\":\"Craft\\\\TemplatesController\",\"file\":\"\\/Users\\/ryanjanvier\\/Valet Websites\\/cpdfn\\/craft\\/app\\/framework\\/web\\/CWebApplication.php\",\"line\":282,\"class\":\"CController\",\"method\":\"run\",\"args\":\"\\\"render\\\"\"},{\"objectClass\":\"Craft\\\\WebApp\",\"file\":\"\\/Users\\/ryanjanvier\\/Valet Websites\\/cpdfn\\/craft\\/app\\/framework\\/web\\/CWebApplication.php\",\"line\":141,\"class\":\"CWebApplication\",\"method\":\"runController\",\"args\":\"\\\"templates\\/render\\\"\"},{\"objectClass\":\"Craft\\\\WebApp\",\"file\":\"\\/Users\\/ryanjanvier\\/Valet Websites\\/cpdfn\\/craft\\/app\\/etc\\/web\\/WebApp.php\",\"line\":290,\"class\":\"CWebApplication\",\"method\":\"processRequest\",\"args\":null},{\"objectClass\":\"Craft\\\\WebApp\",\"file\":\"\\/Users\\/ryanjanvier\\/Valet Websites\\/cpdfn\\/craft\\/app\\/framework\\/base\\/CApplication.php\",\"line\":185,\"class\":\"Craft\\\\WebApp\",\"method\":\"processRequest\",\"args\":null},{\"objectClass\":\"Craft\\\\WebApp\",\"file\":\"\\/Users\\/ryanjanvier\\/Valet Websites\\/cpdfn\\/craft\\/app\\/index.php\",\"line\":62,\"class\":\"CApplication\",\"method\":\"run\",\"args\":null},{\"objectClass\":null,\"file\":\"\\/Users\\/ryanjanvier\\/Valet Websites\\/cpdfn\\/public\\/index.php\",\"line\":19,\"class\":null,\"method\":\"require_once\",\"args\":\"\\\"\\/Users\\/ryanjanvier\\/Valet Websites\\/cpdfn\\/craft\\/app\\/index.php\\\"\"},{\"objectClass\":null,\"file\":\"\\/Users\\/ryanjanvier\\/.composer\\/vendor\\/laravel\\/valet\\/server.php\",\"line\":133,\"class\":null,\"method\":\"require\",\"args\":\"\\\"\\/Users\\/ryanjanvier\\/Valet Websites\\/cpdfn\\/public\\/index.php\\\"\"}]', '2017-09-28 19:38:37', '2017-09-30 02:58:57', '02d89f12-a577-4fe5-8386-fdcc573d56e2'),
 ('3', '{% endpaginate %}', '/Users/ryanjanvier/Valet Websites/cpdfn/craft/templates/index.html:67', '2017-09-29 19:53:09', '/Users/ryanjanvier/Valet Websites/cpdfn/craft/app/etc/templating/twigextensions/DeprecatedTag_TokenParser.php', '58', 'Craft\\DeprecatedTag_TokenParser', 'parse', '/Users/ryanjanvier/Valet Websites/cpdfn/craft/templates/index.html', '67', 'The {% endpaginate %} tag is no longer necessary. You can remove it from your ‘modules/news/_news-slider’ template on line 20.', '[{\"objectClass\":\"Craft\\\\DeprecatorService\",\"file\":\"\\/Users\\/ryanjanvier\\/Valet Websites\\/cpdfn\\/craft\\/app\\/etc\\/templating\\/twigextensions\\/DeprecatedTag_TokenParser.php\",\"line\":58,\"class\":\"Craft\\\\DeprecatorService\",\"method\":\"log\",\"args\":\"\\\"{% endpaginate %}\\\", \\\"The {% endpaginate %} tag is no longer necessary. You can remove...\\\"\"},{\"objectClass\":\"Craft\\\\DeprecatedTag_TokenParser\",\"file\":\"\\/Users\\/ryanjanvier\\/Valet Websites\\/cpdfn\\/craft\\/app\\/vendor\\/twig\\/twig\\/lib\\/Twig\\/Parser.php\",\"line\":190,\"class\":\"Craft\\\\DeprecatedTag_TokenParser\",\"method\":\"parse\",\"args\":\"Twig_Token\"},{\"objectClass\":\"Craft\\\\TwigParser\",\"file\":\"\\/Users\\/ryanjanvier\\/Valet Websites\\/cpdfn\\/craft\\/app\\/vendor\\/twig\\/twig\\/lib\\/Twig\\/Parser.php\",\"line\":103,\"class\":\"Twig_Parser\",\"method\":\"subparse\",\"args\":\"null, false\"},{\"objectClass\":\"Craft\\\\TwigParser\",\"file\":\"\\/Users\\/ryanjanvier\\/Valet Websites\\/cpdfn\\/craft\\/app\\/vendor\\/twig\\/twig\\/lib\\/Twig\\/Environment.php\",\"line\":692,\"class\":\"Twig_Parser\",\"method\":\"parse\",\"args\":\"Twig_TokenStream\"},{\"objectClass\":\"Craft\\\\TwigEnvironment\",\"file\":\"\\/Users\\/ryanjanvier\\/Valet Websites\\/cpdfn\\/craft\\/app\\/vendor\\/twig\\/twig\\/lib\\/Twig\\/Environment.php\",\"line\":750,\"class\":\"Twig_Environment\",\"method\":\"parse\",\"args\":\"Twig_TokenStream\"},{\"objectClass\":\"Craft\\\\TwigEnvironment\",\"file\":\"\\/Users\\/ryanjanvier\\/Valet Websites\\/cpdfn\\/craft\\/app\\/vendor\\/twig\\/twig\\/lib\\/Twig\\/Environment.php\",\"line\":447,\"class\":\"Twig_Environment\",\"method\":\"compileSource\",\"args\":\"Twig_Source\"},{\"objectClass\":\"Craft\\\\TwigEnvironment\",\"file\":\"\\/Users\\/ryanjanvier\\/Valet Websites\\/cpdfn\\/craft\\/app\\/etc\\/templating\\/TwigEnvironment.php\",\"line\":61,\"class\":\"Twig_Environment\",\"method\":\"loadTemplate\",\"args\":\"\\\"modules\\/news\\/_news-slider\\\", null\"},{\"objectClass\":\"Craft\\\\TwigEnvironment\",\"file\":\"\\/Users\\/ryanjanvier\\/Valet Websites\\/cpdfn\\/craft\\/app\\/vendor\\/twig\\/twig\\/lib\\/Twig\\/Template.php\",\"line\":366,\"class\":\"Craft\\\\TwigEnvironment\",\"method\":\"loadTemplate\",\"args\":\"\\\"modules\\/news\\/_news-slider\\\", null\"},{\"objectClass\":\"__TwigTemplate_f0c99c3f1b5ee3a3f8895b8c0cf7d02c2fe332589d02cdff6c7e6a2c9bb948f7\",\"file\":\"\\/Users\\/ryanjanvier\\/Valet Websites\\/cpdfn\\/craft\\/storage\\/runtime\\/compiled_templates\\/42\\/4263ce4c56e3d81e65313c25bf0ca906466de262989e73184bf41bb24916dc27.php\",\"line\":76,\"class\":\"Twig_Template\",\"method\":\"loadTemplate\",\"args\":\"\\\"modules\\/news\\/_news-slider\\\", \\\"index\\\", 67\",\"template\":\"index\",\"templateLine\":67},{\"objectClass\":\"__TwigTemplate_f0c99c3f1b5ee3a3f8895b8c0cf7d02c2fe332589d02cdff6c7e6a2c9bb948f7\",\"file\":\"\\/Users\\/ryanjanvier\\/Valet Websites\\/cpdfn\\/craft\\/app\\/vendor\\/twig\\/twig\\/lib\\/Twig\\/Template.php\",\"line\":215,\"class\":\"__TwigTemplate_f0c99c3f1b5ee3a3f8895b8c0cf7d02c2fe332589d02cdff6c7e6a2c9bb948f7\",\"method\":\"block_content\",\"args\":\"array(\\\"entry\\\" => Craft\\\\EntryModel, \\\"user\\\" => Craft\\\\UserModel, \\\"currentUser\\\" => Craft\\\\UserModel, \\\"craft\\\" => Craft\\\\CraftVariable), array(\\\"content\\\" => array(__TwigTemplate_f0c99c3f1b5ee3a3f8895b8c0cf7d02c2fe332589d02cdff6c7e6a2c9bb948f7, \\\"block_content\\\"))\"},{\"objectClass\":\"__TwigTemplate_20e8982e89bef3d13c51267c01f00545fec861a6eac339655549ca3e94671f78\",\"file\":\"\\/Users\\/ryanjanvier\\/Valet Websites\\/cpdfn\\/craft\\/storage\\/runtime\\/compiled_templates\\/3b\\/3b64b92ddbe9dc12dde89fc5edd1c3ae71a982c9eb322c191e335292dfa807a6.php\",\"line\":92,\"class\":\"Twig_Template\",\"method\":\"displayBlock\",\"args\":\"\\\"content\\\", array(\\\"entry\\\" => Craft\\\\EntryModel, \\\"user\\\" => Craft\\\\UserModel, \\\"currentUser\\\" => Craft\\\\UserModel, \\\"craft\\\" => Craft\\\\CraftVariable), array(\\\"content\\\" => array(__TwigTemplate_f0c99c3f1b5ee3a3f8895b8c0cf7d02c2fe332589d02cdff6c7e6a2c9bb948f7, \\\"block_content\\\"))\",\"template\":\"_layout\",\"templateLine\":57},{\"objectClass\":\"__TwigTemplate_20e8982e89bef3d13c51267c01f00545fec861a6eac339655549ca3e94671f78\",\"file\":\"\\/Users\\/ryanjanvier\\/Valet Websites\\/cpdfn\\/craft\\/app\\/vendor\\/twig\\/twig\\/lib\\/Twig\\/Template.php\",\"line\":432,\"class\":\"__TwigTemplate_20e8982e89bef3d13c51267c01f00545fec861a6eac339655549ca3e94671f78\",\"method\":\"doDisplay\",\"args\":\"array(\\\"entry\\\" => Craft\\\\EntryModel, \\\"user\\\" => Craft\\\\UserModel, \\\"currentUser\\\" => Craft\\\\UserModel, \\\"craft\\\" => Craft\\\\CraftVariable), array(\\\"content\\\" => array(__TwigTemplate_f0c99c3f1b5ee3a3f8895b8c0cf7d02c2fe332589d02cdff6c7e6a2c9bb948f7, \\\"block_content\\\"))\"},{\"objectClass\":\"__TwigTemplate_20e8982e89bef3d13c51267c01f00545fec861a6eac339655549ca3e94671f78\",\"file\":\"\\/Users\\/ryanjanvier\\/Valet Websites\\/cpdfn\\/craft\\/app\\/etc\\/templating\\/BaseTemplate.php\",\"line\":26,\"class\":\"Twig_Template\",\"method\":\"displayWithErrorHandling\",\"args\":\"array(\\\"entry\\\" => Craft\\\\EntryModel, \\\"user\\\" => Craft\\\\UserModel, \\\"currentUser\\\" => Craft\\\\UserModel, \\\"craft\\\" => Craft\\\\CraftVariable), array(\\\"content\\\" => array(__TwigTemplate_f0c99c3f1b5ee3a3f8895b8c0cf7d02c2fe332589d02cdff6c7e6a2c9bb948f7, \\\"block_content\\\"))\"},{\"objectClass\":\"__TwigTemplate_20e8982e89bef3d13c51267c01f00545fec861a6eac339655549ca3e94671f78\",\"file\":\"\\/Users\\/ryanjanvier\\/Valet Websites\\/cpdfn\\/craft\\/app\\/vendor\\/twig\\/twig\\/lib\\/Twig\\/Template.php\",\"line\":403,\"class\":\"Craft\\\\BaseTemplate\",\"method\":\"displayWithErrorHandling\",\"args\":\"array(\\\"entry\\\" => Craft\\\\EntryModel, \\\"user\\\" => Craft\\\\UserModel, \\\"currentUser\\\" => Craft\\\\UserModel, \\\"craft\\\" => Craft\\\\CraftVariable), array(\\\"content\\\" => array(__TwigTemplate_f0c99c3f1b5ee3a3f8895b8c0cf7d02c2fe332589d02cdff6c7e6a2c9bb948f7, \\\"block_content\\\"))\"},{\"objectClass\":\"__TwigTemplate_20e8982e89bef3d13c51267c01f00545fec861a6eac339655549ca3e94671f78\",\"file\":\"\\/Users\\/ryanjanvier\\/Valet Websites\\/cpdfn\\/craft\\/storage\\/runtime\\/compiled_templates\\/42\\/4263ce4c56e3d81e65313c25bf0ca906466de262989e73184bf41bb24916dc27.php\",\"line\":24,\"class\":\"Twig_Template\",\"method\":\"display\",\"args\":\"array(\\\"entry\\\" => Craft\\\\EntryModel, \\\"user\\\" => Craft\\\\UserModel, \\\"currentUser\\\" => Craft\\\\UserModel, \\\"craft\\\" => Craft\\\\CraftVariable), array(\\\"content\\\" => array(__TwigTemplate_f0c99c3f1b5ee3a3f8895b8c0cf7d02c2fe332589d02cdff6c7e6a2c9bb948f7, \\\"block_content\\\"))\",\"template\":\"_layout\",\"templateLine\":11},{\"objectClass\":\"__TwigTemplate_f0c99c3f1b5ee3a3f8895b8c0cf7d02c2fe332589d02cdff6c7e6a2c9bb948f7\",\"file\":\"\\/Users\\/ryanjanvier\\/Valet Websites\\/cpdfn\\/craft\\/app\\/vendor\\/twig\\/twig\\/lib\\/Twig\\/Template.php\",\"line\":432,\"class\":\"__TwigTemplate_f0c99c3f1b5ee3a3f8895b8c0cf7d02c2fe332589d02cdff6c7e6a2c9bb948f7\",\"method\":\"doDisplay\",\"args\":\"array(\\\"entry\\\" => Craft\\\\EntryModel, \\\"user\\\" => Craft\\\\UserModel, \\\"currentUser\\\" => Craft\\\\UserModel, \\\"craft\\\" => Craft\\\\CraftVariable), array(\\\"content\\\" => array(__TwigTemplate_f0c99c3f1b5ee3a3f8895b8c0cf7d02c2fe332589d02cdff6c7e6a2c9bb948f7, \\\"block_content\\\"))\"},{\"objectClass\":\"__TwigTemplate_f0c99c3f1b5ee3a3f8895b8c0cf7d02c2fe332589d02cdff6c7e6a2c9bb948f7\",\"file\":\"\\/Users\\/ryanjanvier\\/Valet Websites\\/cpdfn\\/craft\\/app\\/etc\\/templating\\/BaseTemplate.php\",\"line\":26,\"class\":\"Twig_Template\",\"method\":\"displayWithErrorHandling\",\"args\":\"array(\\\"entry\\\" => Craft\\\\EntryModel, \\\"user\\\" => Craft\\\\UserModel, \\\"currentUser\\\" => Craft\\\\UserModel, \\\"craft\\\" => Craft\\\\CraftVariable), array(\\\"content\\\" => array(__TwigTemplate_f0c99c3f1b5ee3a3f8895b8c0cf7d02c2fe332589d02cdff6c7e6a2c9bb948f7, \\\"block_content\\\"))\"},{\"objectClass\":\"__TwigTemplate_f0c99c3f1b5ee3a3f8895b8c0cf7d02c2fe332589d02cdff6c7e6a2c9bb948f7\",\"file\":\"\\/Users\\/ryanjanvier\\/Valet Websites\\/cpdfn\\/craft\\/app\\/vendor\\/twig\\/twig\\/lib\\/Twig\\/Template.php\",\"line\":403,\"class\":\"Craft\\\\BaseTemplate\",\"method\":\"displayWithErrorHandling\",\"args\":\"array(\\\"entry\\\" => Craft\\\\EntryModel, \\\"user\\\" => Craft\\\\UserModel, \\\"currentUser\\\" => Craft\\\\UserModel, \\\"craft\\\" => Craft\\\\CraftVariable), array(\\\"content\\\" => array(__TwigTemplate_f0c99c3f1b5ee3a3f8895b8c0cf7d02c2fe332589d02cdff6c7e6a2c9bb948f7, \\\"block_content\\\"))\"},{\"objectClass\":\"__TwigTemplate_f0c99c3f1b5ee3a3f8895b8c0cf7d02c2fe332589d02cdff6c7e6a2c9bb948f7\",\"file\":\"\\/Users\\/ryanjanvier\\/Valet Websites\\/cpdfn\\/craft\\/app\\/vendor\\/twig\\/twig\\/lib\\/Twig\\/Template.php\",\"line\":411,\"class\":\"Twig_Template\",\"method\":\"display\",\"args\":\"array(\\\"entry\\\" => Craft\\\\EntryModel)\"},{\"objectClass\":\"__TwigTemplate_f0c99c3f1b5ee3a3f8895b8c0cf7d02c2fe332589d02cdff6c7e6a2c9bb948f7\",\"file\":\"\\/Users\\/ryanjanvier\\/Valet Websites\\/cpdfn\\/craft\\/app\\/vendor\\/twig\\/twig\\/lib\\/Twig\\/Environment.php\",\"line\":362,\"class\":\"Twig_Template\",\"method\":\"render\",\"args\":\"array(\\\"entry\\\" => Craft\\\\EntryModel)\"},{\"objectClass\":\"Craft\\\\TwigEnvironment\",\"file\":\"\\/Users\\/ryanjanvier\\/Valet Websites\\/cpdfn\\/craft\\/app\\/services\\/TemplatesService.php\",\"line\":256,\"class\":\"Twig_Environment\",\"method\":\"render\",\"args\":\"\\\"index\\\", array(\\\"entry\\\" => Craft\\\\EntryModel)\"},{\"objectClass\":\"Craft\\\\TemplatesService\",\"file\":\"\\/Users\\/ryanjanvier\\/Valet Websites\\/cpdfn\\/craft\\/app\\/controllers\\/BaseController.php\",\"line\":74,\"class\":\"Craft\\\\TemplatesService\",\"method\":\"render\",\"args\":\"\\\"index\\\", array(\\\"entry\\\" => Craft\\\\EntryModel)\"},{\"objectClass\":\"Craft\\\\TemplatesController\",\"file\":\"\\/Users\\/ryanjanvier\\/Valet Websites\\/cpdfn\\/craft\\/app\\/controllers\\/TemplatesController.php\",\"line\":68,\"class\":\"Craft\\\\BaseController\",\"method\":\"renderTemplate\",\"args\":\"\\\"index\\\", array(\\\"entry\\\" => Craft\\\\EntryModel)\"},{\"objectClass\":\"Craft\\\\TemplatesController\",\"file\":null,\"line\":null,\"class\":\"Craft\\\\TemplatesController\",\"method\":\"actionRender\",\"args\":\"\\\"index\\\", array(\\\"entry\\\" => Craft\\\\EntryModel)\"},{\"objectClass\":\"ReflectionMethod\",\"file\":\"\\/Users\\/ryanjanvier\\/Valet Websites\\/cpdfn\\/craft\\/app\\/framework\\/web\\/actions\\/CAction.php\",\"line\":109,\"class\":\"ReflectionMethod\",\"method\":\"invokeArgs\",\"args\":\"Craft\\\\TemplatesController, array(\\\"index\\\", array(\\\"entry\\\" => Craft\\\\EntryModel))\"},{\"objectClass\":\"CInlineAction\",\"file\":\"\\/Users\\/ryanjanvier\\/Valet Websites\\/cpdfn\\/craft\\/app\\/framework\\/web\\/actions\\/CInlineAction.php\",\"line\":47,\"class\":\"CAction\",\"method\":\"runWithParamsInternal\",\"args\":\"Craft\\\\TemplatesController, ReflectionMethod, array(\\\"variables\\\" => array(\\\"entry\\\" => Craft\\\\EntryModel), \\\"template\\\" => \\\"index\\\")\"},{\"objectClass\":\"CInlineAction\",\"file\":\"\\/Users\\/ryanjanvier\\/Valet Websites\\/cpdfn\\/craft\\/app\\/framework\\/web\\/CController.php\",\"line\":308,\"class\":\"CInlineAction\",\"method\":\"runWithParams\",\"args\":\"array(\\\"variables\\\" => array(\\\"entry\\\" => Craft\\\\EntryModel), \\\"template\\\" => \\\"index\\\")\"},{\"objectClass\":\"Craft\\\\TemplatesController\",\"file\":\"\\/Users\\/ryanjanvier\\/Valet Websites\\/cpdfn\\/craft\\/app\\/framework\\/web\\/CController.php\",\"line\":286,\"class\":\"CController\",\"method\":\"runAction\",\"args\":\"CInlineAction\"},{\"objectClass\":\"Craft\\\\TemplatesController\",\"file\":\"\\/Users\\/ryanjanvier\\/Valet Websites\\/cpdfn\\/craft\\/app\\/framework\\/web\\/CController.php\",\"line\":265,\"class\":\"CController\",\"method\":\"runActionWithFilters\",\"args\":\"CInlineAction, array()\"},{\"objectClass\":\"Craft\\\\TemplatesController\",\"file\":\"\\/Users\\/ryanjanvier\\/Valet Websites\\/cpdfn\\/craft\\/app\\/framework\\/web\\/CWebApplication.php\",\"line\":282,\"class\":\"CController\",\"method\":\"run\",\"args\":\"\\\"render\\\"\"},{\"objectClass\":\"Craft\\\\WebApp\",\"file\":\"\\/Users\\/ryanjanvier\\/Valet Websites\\/cpdfn\\/craft\\/app\\/framework\\/web\\/CWebApplication.php\",\"line\":141,\"class\":\"CWebApplication\",\"method\":\"runController\",\"args\":\"\\\"templates\\/render\\\"\"},{\"objectClass\":\"Craft\\\\WebApp\",\"file\":\"\\/Users\\/ryanjanvier\\/Valet Websites\\/cpdfn\\/craft\\/app\\/etc\\/web\\/WebApp.php\",\"line\":290,\"class\":\"CWebApplication\",\"method\":\"processRequest\",\"args\":null},{\"objectClass\":\"Craft\\\\WebApp\",\"file\":\"\\/Users\\/ryanjanvier\\/Valet Websites\\/cpdfn\\/craft\\/app\\/framework\\/base\\/CApplication.php\",\"line\":185,\"class\":\"Craft\\\\WebApp\",\"method\":\"processRequest\",\"args\":null},{\"objectClass\":\"Craft\\\\WebApp\",\"file\":\"\\/Users\\/ryanjanvier\\/Valet Websites\\/cpdfn\\/craft\\/app\\/index.php\",\"line\":62,\"class\":\"CApplication\",\"method\":\"run\",\"args\":null},{\"objectClass\":null,\"file\":\"\\/Users\\/ryanjanvier\\/Valet Websites\\/cpdfn\\/public\\/index.php\",\"line\":19,\"class\":null,\"method\":\"require_once\",\"args\":\"\\\"\\/Users\\/ryanjanvier\\/Valet Websites\\/cpdfn\\/craft\\/app\\/index.php\\\"\"},{\"objectClass\":null,\"file\":\"\\/Users\\/ryanjanvier\\/.composer\\/vendor\\/laravel\\/valet\\/server.php\",\"line\":133,\"class\":null,\"method\":\"require\",\"args\":\"\\\"\\/Users\\/ryanjanvier\\/Valet Websites\\/cpdfn\\/public\\/index.php\\\"\"}]', '2017-09-29 19:53:09', '2017-09-29 19:53:09', '4c10a61d-b5d2-4c6b-855d-14ca161ee2ea'),
 ('4', '{% endpaginate %}', '/Users/ryanjanvier/Valet Websites/cpdfn/craft/templates/index.html:59', '2017-09-29 19:54:10', '/Users/ryanjanvier/Valet Websites/cpdfn/craft/app/etc/templating/twigextensions/DeprecatedTag_TokenParser.php', '58', 'Craft\\DeprecatedTag_TokenParser', 'parse', '/Users/ryanjanvier/Valet Websites/cpdfn/craft/templates/index.html', '59', 'The {% endpaginate %} tag is no longer necessary. You can remove it from your ‘modules/news/_news-slider’ template on line 20.', '[{\"objectClass\":\"Craft\\\\DeprecatorService\",\"file\":\"\\/Users\\/ryanjanvier\\/Valet Websites\\/cpdfn\\/craft\\/app\\/etc\\/templating\\/twigextensions\\/DeprecatedTag_TokenParser.php\",\"line\":58,\"class\":\"Craft\\\\DeprecatorService\",\"method\":\"log\",\"args\":\"\\\"{% endpaginate %}\\\", \\\"The {% endpaginate %} tag is no longer necessary. You can remove...\\\"\"},{\"objectClass\":\"Craft\\\\DeprecatedTag_TokenParser\",\"file\":\"\\/Users\\/ryanjanvier\\/Valet Websites\\/cpdfn\\/craft\\/app\\/vendor\\/twig\\/twig\\/lib\\/Twig\\/Parser.php\",\"line\":190,\"class\":\"Craft\\\\DeprecatedTag_TokenParser\",\"method\":\"parse\",\"args\":\"Twig_Token\"},{\"objectClass\":\"Craft\\\\TwigParser\",\"file\":\"\\/Users\\/ryanjanvier\\/Valet Websites\\/cpdfn\\/craft\\/app\\/vendor\\/twig\\/twig\\/lib\\/Twig\\/Parser.php\",\"line\":103,\"class\":\"Twig_Parser\",\"method\":\"subparse\",\"args\":\"null, false\"},{\"objectClass\":\"Craft\\\\TwigParser\",\"file\":\"\\/Users\\/ryanjanvier\\/Valet Websites\\/cpdfn\\/craft\\/app\\/vendor\\/twig\\/twig\\/lib\\/Twig\\/Environment.php\",\"line\":692,\"class\":\"Twig_Parser\",\"method\":\"parse\",\"args\":\"Twig_TokenStream\"},{\"objectClass\":\"Craft\\\\TwigEnvironment\",\"file\":\"\\/Users\\/ryanjanvier\\/Valet Websites\\/cpdfn\\/craft\\/app\\/vendor\\/twig\\/twig\\/lib\\/Twig\\/Environment.php\",\"line\":750,\"class\":\"Twig_Environment\",\"method\":\"parse\",\"args\":\"Twig_TokenStream\"},{\"objectClass\":\"Craft\\\\TwigEnvironment\",\"file\":\"\\/Users\\/ryanjanvier\\/Valet Websites\\/cpdfn\\/craft\\/app\\/vendor\\/twig\\/twig\\/lib\\/Twig\\/Environment.php\",\"line\":447,\"class\":\"Twig_Environment\",\"method\":\"compileSource\",\"args\":\"Twig_Source\"},{\"objectClass\":\"Craft\\\\TwigEnvironment\",\"file\":\"\\/Users\\/ryanjanvier\\/Valet Websites\\/cpdfn\\/craft\\/app\\/etc\\/templating\\/TwigEnvironment.php\",\"line\":61,\"class\":\"Twig_Environment\",\"method\":\"loadTemplate\",\"args\":\"\\\"modules\\/news\\/_news-slider\\\", null\"},{\"objectClass\":\"Craft\\\\TwigEnvironment\",\"file\":\"\\/Users\\/ryanjanvier\\/Valet Websites\\/cpdfn\\/craft\\/app\\/vendor\\/twig\\/twig\\/lib\\/Twig\\/Template.php\",\"line\":366,\"class\":\"Craft\\\\TwigEnvironment\",\"method\":\"loadTemplate\",\"args\":\"\\\"modules\\/news\\/_news-slider\\\", null\"},{\"objectClass\":\"__TwigTemplate_f0c99c3f1b5ee3a3f8895b8c0cf7d02c2fe332589d02cdff6c7e6a2c9bb948f7\",\"file\":\"\\/Users\\/ryanjanvier\\/Valet Websites\\/cpdfn\\/craft\\/storage\\/runtime\\/compiled_templates\\/42\\/4263ce4c56e3d81e65313c25bf0ca906466de262989e73184bf41bb24916dc27.php\",\"line\":68,\"class\":\"Twig_Template\",\"method\":\"loadTemplate\",\"args\":\"\\\"modules\\/news\\/_news-slider\\\", \\\"index\\\", 59\",\"template\":\"index\",\"templateLine\":59},{\"objectClass\":\"__TwigTemplate_f0c99c3f1b5ee3a3f8895b8c0cf7d02c2fe332589d02cdff6c7e6a2c9bb948f7\",\"file\":\"\\/Users\\/ryanjanvier\\/Valet Websites\\/cpdfn\\/craft\\/app\\/vendor\\/twig\\/twig\\/lib\\/Twig\\/Template.php\",\"line\":215,\"class\":\"__TwigTemplate_f0c99c3f1b5ee3a3f8895b8c0cf7d02c2fe332589d02cdff6c7e6a2c9bb948f7\",\"method\":\"block_content\",\"args\":\"array(\\\"entry\\\" => Craft\\\\EntryModel, \\\"user\\\" => Craft\\\\UserModel, \\\"currentUser\\\" => Craft\\\\UserModel, \\\"craft\\\" => Craft\\\\CraftVariable), array(\\\"content\\\" => array(__TwigTemplate_f0c99c3f1b5ee3a3f8895b8c0cf7d02c2fe332589d02cdff6c7e6a2c9bb948f7, \\\"block_content\\\"))\"},{\"objectClass\":\"__TwigTemplate_20e8982e89bef3d13c51267c01f00545fec861a6eac339655549ca3e94671f78\",\"file\":\"\\/Users\\/ryanjanvier\\/Valet Websites\\/cpdfn\\/craft\\/storage\\/runtime\\/compiled_templates\\/3b\\/3b64b92ddbe9dc12dde89fc5edd1c3ae71a982c9eb322c191e335292dfa807a6.php\",\"line\":92,\"class\":\"Twig_Template\",\"method\":\"displayBlock\",\"args\":\"\\\"content\\\", array(\\\"entry\\\" => Craft\\\\EntryModel, \\\"user\\\" => Craft\\\\UserModel, \\\"currentUser\\\" => Craft\\\\UserModel, \\\"craft\\\" => Craft\\\\CraftVariable), array(\\\"content\\\" => array(__TwigTemplate_f0c99c3f1b5ee3a3f8895b8c0cf7d02c2fe332589d02cdff6c7e6a2c9bb948f7, \\\"block_content\\\"))\",\"template\":\"_layout\",\"templateLine\":57},{\"objectClass\":\"__TwigTemplate_20e8982e89bef3d13c51267c01f00545fec861a6eac339655549ca3e94671f78\",\"file\":\"\\/Users\\/ryanjanvier\\/Valet Websites\\/cpdfn\\/craft\\/app\\/vendor\\/twig\\/twig\\/lib\\/Twig\\/Template.php\",\"line\":432,\"class\":\"__TwigTemplate_20e8982e89bef3d13c51267c01f00545fec861a6eac339655549ca3e94671f78\",\"method\":\"doDisplay\",\"args\":\"array(\\\"entry\\\" => Craft\\\\EntryModel, \\\"user\\\" => Craft\\\\UserModel, \\\"currentUser\\\" => Craft\\\\UserModel, \\\"craft\\\" => Craft\\\\CraftVariable), array(\\\"content\\\" => array(__TwigTemplate_f0c99c3f1b5ee3a3f8895b8c0cf7d02c2fe332589d02cdff6c7e6a2c9bb948f7, \\\"block_content\\\"))\"},{\"objectClass\":\"__TwigTemplate_20e8982e89bef3d13c51267c01f00545fec861a6eac339655549ca3e94671f78\",\"file\":\"\\/Users\\/ryanjanvier\\/Valet Websites\\/cpdfn\\/craft\\/app\\/etc\\/templating\\/BaseTemplate.php\",\"line\":26,\"class\":\"Twig_Template\",\"method\":\"displayWithErrorHandling\",\"args\":\"array(\\\"entry\\\" => Craft\\\\EntryModel, \\\"user\\\" => Craft\\\\UserModel, \\\"currentUser\\\" => Craft\\\\UserModel, \\\"craft\\\" => Craft\\\\CraftVariable), array(\\\"content\\\" => array(__TwigTemplate_f0c99c3f1b5ee3a3f8895b8c0cf7d02c2fe332589d02cdff6c7e6a2c9bb948f7, \\\"block_content\\\"))\"},{\"objectClass\":\"__TwigTemplate_20e8982e89bef3d13c51267c01f00545fec861a6eac339655549ca3e94671f78\",\"file\":\"\\/Users\\/ryanjanvier\\/Valet Websites\\/cpdfn\\/craft\\/app\\/vendor\\/twig\\/twig\\/lib\\/Twig\\/Template.php\",\"line\":403,\"class\":\"Craft\\\\BaseTemplate\",\"method\":\"displayWithErrorHandling\",\"args\":\"array(\\\"entry\\\" => Craft\\\\EntryModel, \\\"user\\\" => Craft\\\\UserModel, \\\"currentUser\\\" => Craft\\\\UserModel, \\\"craft\\\" => Craft\\\\CraftVariable), array(\\\"content\\\" => array(__TwigTemplate_f0c99c3f1b5ee3a3f8895b8c0cf7d02c2fe332589d02cdff6c7e6a2c9bb948f7, \\\"block_content\\\"))\"},{\"objectClass\":\"__TwigTemplate_20e8982e89bef3d13c51267c01f00545fec861a6eac339655549ca3e94671f78\",\"file\":\"\\/Users\\/ryanjanvier\\/Valet Websites\\/cpdfn\\/craft\\/storage\\/runtime\\/compiled_templates\\/42\\/4263ce4c56e3d81e65313c25bf0ca906466de262989e73184bf41bb24916dc27.php\",\"line\":24,\"class\":\"Twig_Template\",\"method\":\"display\",\"args\":\"array(\\\"entry\\\" => Craft\\\\EntryModel, \\\"user\\\" => Craft\\\\UserModel, \\\"currentUser\\\" => Craft\\\\UserModel, \\\"craft\\\" => Craft\\\\CraftVariable), array(\\\"content\\\" => array(__TwigTemplate_f0c99c3f1b5ee3a3f8895b8c0cf7d02c2fe332589d02cdff6c7e6a2c9bb948f7, \\\"block_content\\\"))\",\"template\":\"_layout\",\"templateLine\":11},{\"objectClass\":\"__TwigTemplate_f0c99c3f1b5ee3a3f8895b8c0cf7d02c2fe332589d02cdff6c7e6a2c9bb948f7\",\"file\":\"\\/Users\\/ryanjanvier\\/Valet Websites\\/cpdfn\\/craft\\/app\\/vendor\\/twig\\/twig\\/lib\\/Twig\\/Template.php\",\"line\":432,\"class\":\"__TwigTemplate_f0c99c3f1b5ee3a3f8895b8c0cf7d02c2fe332589d02cdff6c7e6a2c9bb948f7\",\"method\":\"doDisplay\",\"args\":\"array(\\\"entry\\\" => Craft\\\\EntryModel, \\\"user\\\" => Craft\\\\UserModel, \\\"currentUser\\\" => Craft\\\\UserModel, \\\"craft\\\" => Craft\\\\CraftVariable), array(\\\"content\\\" => array(__TwigTemplate_f0c99c3f1b5ee3a3f8895b8c0cf7d02c2fe332589d02cdff6c7e6a2c9bb948f7, \\\"block_content\\\"))\"},{\"objectClass\":\"__TwigTemplate_f0c99c3f1b5ee3a3f8895b8c0cf7d02c2fe332589d02cdff6c7e6a2c9bb948f7\",\"file\":\"\\/Users\\/ryanjanvier\\/Valet Websites\\/cpdfn\\/craft\\/app\\/etc\\/templating\\/BaseTemplate.php\",\"line\":26,\"class\":\"Twig_Template\",\"method\":\"displayWithErrorHandling\",\"args\":\"array(\\\"entry\\\" => Craft\\\\EntryModel, \\\"user\\\" => Craft\\\\UserModel, \\\"currentUser\\\" => Craft\\\\UserModel, \\\"craft\\\" => Craft\\\\CraftVariable), array(\\\"content\\\" => array(__TwigTemplate_f0c99c3f1b5ee3a3f8895b8c0cf7d02c2fe332589d02cdff6c7e6a2c9bb948f7, \\\"block_content\\\"))\"},{\"objectClass\":\"__TwigTemplate_f0c99c3f1b5ee3a3f8895b8c0cf7d02c2fe332589d02cdff6c7e6a2c9bb948f7\",\"file\":\"\\/Users\\/ryanjanvier\\/Valet Websites\\/cpdfn\\/craft\\/app\\/vendor\\/twig\\/twig\\/lib\\/Twig\\/Template.php\",\"line\":403,\"class\":\"Craft\\\\BaseTemplate\",\"method\":\"displayWithErrorHandling\",\"args\":\"array(\\\"entry\\\" => Craft\\\\EntryModel, \\\"user\\\" => Craft\\\\UserModel, \\\"currentUser\\\" => Craft\\\\UserModel, \\\"craft\\\" => Craft\\\\CraftVariable), array(\\\"content\\\" => array(__TwigTemplate_f0c99c3f1b5ee3a3f8895b8c0cf7d02c2fe332589d02cdff6c7e6a2c9bb948f7, \\\"block_content\\\"))\"},{\"objectClass\":\"__TwigTemplate_f0c99c3f1b5ee3a3f8895b8c0cf7d02c2fe332589d02cdff6c7e6a2c9bb948f7\",\"file\":\"\\/Users\\/ryanjanvier\\/Valet Websites\\/cpdfn\\/craft\\/app\\/vendor\\/twig\\/twig\\/lib\\/Twig\\/Template.php\",\"line\":411,\"class\":\"Twig_Template\",\"method\":\"display\",\"args\":\"array(\\\"entry\\\" => Craft\\\\EntryModel)\"},{\"objectClass\":\"__TwigTemplate_f0c99c3f1b5ee3a3f8895b8c0cf7d02c2fe332589d02cdff6c7e6a2c9bb948f7\",\"file\":\"\\/Users\\/ryanjanvier\\/Valet Websites\\/cpdfn\\/craft\\/app\\/vendor\\/twig\\/twig\\/lib\\/Twig\\/Environment.php\",\"line\":362,\"class\":\"Twig_Template\",\"method\":\"render\",\"args\":\"array(\\\"entry\\\" => Craft\\\\EntryModel)\"},{\"objectClass\":\"Craft\\\\TwigEnvironment\",\"file\":\"\\/Users\\/ryanjanvier\\/Valet Websites\\/cpdfn\\/craft\\/app\\/services\\/TemplatesService.php\",\"line\":256,\"class\":\"Twig_Environment\",\"method\":\"render\",\"args\":\"\\\"index\\\", array(\\\"entry\\\" => Craft\\\\EntryModel)\"},{\"objectClass\":\"Craft\\\\TemplatesService\",\"file\":\"\\/Users\\/ryanjanvier\\/Valet Websites\\/cpdfn\\/craft\\/app\\/controllers\\/BaseController.php\",\"line\":74,\"class\":\"Craft\\\\TemplatesService\",\"method\":\"render\",\"args\":\"\\\"index\\\", array(\\\"entry\\\" => Craft\\\\EntryModel)\"},{\"objectClass\":\"Craft\\\\TemplatesController\",\"file\":\"\\/Users\\/ryanjanvier\\/Valet Websites\\/cpdfn\\/craft\\/app\\/controllers\\/TemplatesController.php\",\"line\":68,\"class\":\"Craft\\\\BaseController\",\"method\":\"renderTemplate\",\"args\":\"\\\"index\\\", array(\\\"entry\\\" => Craft\\\\EntryModel)\"},{\"objectClass\":\"Craft\\\\TemplatesController\",\"file\":null,\"line\":null,\"class\":\"Craft\\\\TemplatesController\",\"method\":\"actionRender\",\"args\":\"\\\"index\\\", array(\\\"entry\\\" => Craft\\\\EntryModel)\"},{\"objectClass\":\"ReflectionMethod\",\"file\":\"\\/Users\\/ryanjanvier\\/Valet Websites\\/cpdfn\\/craft\\/app\\/framework\\/web\\/actions\\/CAction.php\",\"line\":109,\"class\":\"ReflectionMethod\",\"method\":\"invokeArgs\",\"args\":\"Craft\\\\TemplatesController, array(\\\"index\\\", array(\\\"entry\\\" => Craft\\\\EntryModel))\"},{\"objectClass\":\"CInlineAction\",\"file\":\"\\/Users\\/ryanjanvier\\/Valet Websites\\/cpdfn\\/craft\\/app\\/framework\\/web\\/actions\\/CInlineAction.php\",\"line\":47,\"class\":\"CAction\",\"method\":\"runWithParamsInternal\",\"args\":\"Craft\\\\TemplatesController, ReflectionMethod, array(\\\"variables\\\" => array(\\\"entry\\\" => Craft\\\\EntryModel), \\\"template\\\" => \\\"index\\\")\"},{\"objectClass\":\"CInlineAction\",\"file\":\"\\/Users\\/ryanjanvier\\/Valet Websites\\/cpdfn\\/craft\\/app\\/framework\\/web\\/CController.php\",\"line\":308,\"class\":\"CInlineAction\",\"method\":\"runWithParams\",\"args\":\"array(\\\"variables\\\" => array(\\\"entry\\\" => Craft\\\\EntryModel), \\\"template\\\" => \\\"index\\\")\"},{\"objectClass\":\"Craft\\\\TemplatesController\",\"file\":\"\\/Users\\/ryanjanvier\\/Valet Websites\\/cpdfn\\/craft\\/app\\/framework\\/web\\/CController.php\",\"line\":286,\"class\":\"CController\",\"method\":\"runAction\",\"args\":\"CInlineAction\"},{\"objectClass\":\"Craft\\\\TemplatesController\",\"file\":\"\\/Users\\/ryanjanvier\\/Valet Websites\\/cpdfn\\/craft\\/app\\/framework\\/web\\/CController.php\",\"line\":265,\"class\":\"CController\",\"method\":\"runActionWithFilters\",\"args\":\"CInlineAction, array()\"},{\"objectClass\":\"Craft\\\\TemplatesController\",\"file\":\"\\/Users\\/ryanjanvier\\/Valet Websites\\/cpdfn\\/craft\\/app\\/framework\\/web\\/CWebApplication.php\",\"line\":282,\"class\":\"CController\",\"method\":\"run\",\"args\":\"\\\"render\\\"\"},{\"objectClass\":\"Craft\\\\WebApp\",\"file\":\"\\/Users\\/ryanjanvier\\/Valet Websites\\/cpdfn\\/craft\\/app\\/framework\\/web\\/CWebApplication.php\",\"line\":141,\"class\":\"CWebApplication\",\"method\":\"runController\",\"args\":\"\\\"templates\\/render\\\"\"},{\"objectClass\":\"Craft\\\\WebApp\",\"file\":\"\\/Users\\/ryanjanvier\\/Valet Websites\\/cpdfn\\/craft\\/app\\/etc\\/web\\/WebApp.php\",\"line\":290,\"class\":\"CWebApplication\",\"method\":\"processRequest\",\"args\":null},{\"objectClass\":\"Craft\\\\WebApp\",\"file\":\"\\/Users\\/ryanjanvier\\/Valet Websites\\/cpdfn\\/craft\\/app\\/framework\\/base\\/CApplication.php\",\"line\":185,\"class\":\"Craft\\\\WebApp\",\"method\":\"processRequest\",\"args\":null},{\"objectClass\":\"Craft\\\\WebApp\",\"file\":\"\\/Users\\/ryanjanvier\\/Valet Websites\\/cpdfn\\/craft\\/app\\/index.php\",\"line\":62,\"class\":\"CApplication\",\"method\":\"run\",\"args\":null},{\"objectClass\":null,\"file\":\"\\/Users\\/ryanjanvier\\/Valet Websites\\/cpdfn\\/public\\/index.php\",\"line\":19,\"class\":null,\"method\":\"require_once\",\"args\":\"\\\"\\/Users\\/ryanjanvier\\/Valet Websites\\/cpdfn\\/craft\\/app\\/index.php\\\"\"},{\"objectClass\":null,\"file\":\"\\/Users\\/ryanjanvier\\/.composer\\/vendor\\/laravel\\/valet\\/server.php\",\"line\":133,\"class\":null,\"method\":\"require\",\"args\":\"\\\"\\/Users\\/ryanjanvier\\/Valet Websites\\/cpdfn\\/public\\/index.php\\\"\"}]', '2017-09-29 19:54:10', '2017-09-29 19:54:10', 'b124cb1b-21dc-47e5-8be8-4d1a9340c42b'),
 ('5', '{% endpaginate %}', '/Users/ryanjanvier/Valet Websites/cpdfn/craft/templates/index.html:62', '2017-09-29 19:55:27', '/Users/ryanjanvier/Valet Websites/cpdfn/craft/app/etc/templating/twigextensions/DeprecatedTag_TokenParser.php', '58', 'Craft\\DeprecatedTag_TokenParser', 'parse', '/Users/ryanjanvier/Valet Websites/cpdfn/craft/templates/index.html', '62', 'The {% endpaginate %} tag is no longer necessary. You can remove it from your ‘modules/news/_news-slider’ template on line 20.', '[{\"objectClass\":\"Craft\\\\DeprecatorService\",\"file\":\"\\/Users\\/ryanjanvier\\/Valet Websites\\/cpdfn\\/craft\\/app\\/etc\\/templating\\/twigextensions\\/DeprecatedTag_TokenParser.php\",\"line\":58,\"class\":\"Craft\\\\DeprecatorService\",\"method\":\"log\",\"args\":\"\\\"{% endpaginate %}\\\", \\\"The {% endpaginate %} tag is no longer necessary. You can remove...\\\"\"},{\"objectClass\":\"Craft\\\\DeprecatedTag_TokenParser\",\"file\":\"\\/Users\\/ryanjanvier\\/Valet Websites\\/cpdfn\\/craft\\/app\\/vendor\\/twig\\/twig\\/lib\\/Twig\\/Parser.php\",\"line\":190,\"class\":\"Craft\\\\DeprecatedTag_TokenParser\",\"method\":\"parse\",\"args\":\"Twig_Token\"},{\"objectClass\":\"Craft\\\\TwigParser\",\"file\":\"\\/Users\\/ryanjanvier\\/Valet Websites\\/cpdfn\\/craft\\/app\\/vendor\\/twig\\/twig\\/lib\\/Twig\\/Parser.php\",\"line\":103,\"class\":\"Twig_Parser\",\"method\":\"subparse\",\"args\":\"null, false\"},{\"objectClass\":\"Craft\\\\TwigParser\",\"file\":\"\\/Users\\/ryanjanvier\\/Valet Websites\\/cpdfn\\/craft\\/app\\/vendor\\/twig\\/twig\\/lib\\/Twig\\/Environment.php\",\"line\":692,\"class\":\"Twig_Parser\",\"method\":\"parse\",\"args\":\"Twig_TokenStream\"},{\"objectClass\":\"Craft\\\\TwigEnvironment\",\"file\":\"\\/Users\\/ryanjanvier\\/Valet Websites\\/cpdfn\\/craft\\/app\\/vendor\\/twig\\/twig\\/lib\\/Twig\\/Environment.php\",\"line\":750,\"class\":\"Twig_Environment\",\"method\":\"parse\",\"args\":\"Twig_TokenStream\"},{\"objectClass\":\"Craft\\\\TwigEnvironment\",\"file\":\"\\/Users\\/ryanjanvier\\/Valet Websites\\/cpdfn\\/craft\\/app\\/vendor\\/twig\\/twig\\/lib\\/Twig\\/Environment.php\",\"line\":447,\"class\":\"Twig_Environment\",\"method\":\"compileSource\",\"args\":\"Twig_Source\"},{\"objectClass\":\"Craft\\\\TwigEnvironment\",\"file\":\"\\/Users\\/ryanjanvier\\/Valet Websites\\/cpdfn\\/craft\\/app\\/etc\\/templating\\/TwigEnvironment.php\",\"line\":61,\"class\":\"Twig_Environment\",\"method\":\"loadTemplate\",\"args\":\"\\\"modules\\/news\\/_news-slider\\\", null\"},{\"objectClass\":\"Craft\\\\TwigEnvironment\",\"file\":\"\\/Users\\/ryanjanvier\\/Valet Websites\\/cpdfn\\/craft\\/app\\/vendor\\/twig\\/twig\\/lib\\/Twig\\/Template.php\",\"line\":366,\"class\":\"Craft\\\\TwigEnvironment\",\"method\":\"loadTemplate\",\"args\":\"\\\"modules\\/news\\/_news-slider\\\", null\"},{\"objectClass\":\"__TwigTemplate_f0c99c3f1b5ee3a3f8895b8c0cf7d02c2fe332589d02cdff6c7e6a2c9bb948f7\",\"file\":\"\\/Users\\/ryanjanvier\\/Valet Websites\\/cpdfn\\/craft\\/storage\\/runtime\\/compiled_templates\\/42\\/4263ce4c56e3d81e65313c25bf0ca906466de262989e73184bf41bb24916dc27.php\",\"line\":71,\"class\":\"Twig_Template\",\"method\":\"loadTemplate\",\"args\":\"\\\"modules\\/news\\/_news-slider\\\", \\\"index\\\", 62\",\"template\":\"index\",\"templateLine\":62},{\"objectClass\":\"__TwigTemplate_f0c99c3f1b5ee3a3f8895b8c0cf7d02c2fe332589d02cdff6c7e6a2c9bb948f7\",\"file\":\"\\/Users\\/ryanjanvier\\/Valet Websites\\/cpdfn\\/craft\\/app\\/vendor\\/twig\\/twig\\/lib\\/Twig\\/Template.php\",\"line\":215,\"class\":\"__TwigTemplate_f0c99c3f1b5ee3a3f8895b8c0cf7d02c2fe332589d02cdff6c7e6a2c9bb948f7\",\"method\":\"block_content\",\"args\":\"array(\\\"entry\\\" => Craft\\\\EntryModel, \\\"user\\\" => Craft\\\\UserModel, \\\"currentUser\\\" => Craft\\\\UserModel, \\\"craft\\\" => Craft\\\\CraftVariable), array(\\\"content\\\" => array(__TwigTemplate_f0c99c3f1b5ee3a3f8895b8c0cf7d02c2fe332589d02cdff6c7e6a2c9bb948f7, \\\"block_content\\\"))\"},{\"objectClass\":\"__TwigTemplate_20e8982e89bef3d13c51267c01f00545fec861a6eac339655549ca3e94671f78\",\"file\":\"\\/Users\\/ryanjanvier\\/Valet Websites\\/cpdfn\\/craft\\/storage\\/runtime\\/compiled_templates\\/3b\\/3b64b92ddbe9dc12dde89fc5edd1c3ae71a982c9eb322c191e335292dfa807a6.php\",\"line\":92,\"class\":\"Twig_Template\",\"method\":\"displayBlock\",\"args\":\"\\\"content\\\", array(\\\"entry\\\" => Craft\\\\EntryModel, \\\"user\\\" => Craft\\\\UserModel, \\\"currentUser\\\" => Craft\\\\UserModel, \\\"craft\\\" => Craft\\\\CraftVariable), array(\\\"content\\\" => array(__TwigTemplate_f0c99c3f1b5ee3a3f8895b8c0cf7d02c2fe332589d02cdff6c7e6a2c9bb948f7, \\\"block_content\\\"))\",\"template\":\"_layout\",\"templateLine\":57},{\"objectClass\":\"__TwigTemplate_20e8982e89bef3d13c51267c01f00545fec861a6eac339655549ca3e94671f78\",\"file\":\"\\/Users\\/ryanjanvier\\/Valet Websites\\/cpdfn\\/craft\\/app\\/vendor\\/twig\\/twig\\/lib\\/Twig\\/Template.php\",\"line\":432,\"class\":\"__TwigTemplate_20e8982e89bef3d13c51267c01f00545fec861a6eac339655549ca3e94671f78\",\"method\":\"doDisplay\",\"args\":\"array(\\\"entry\\\" => Craft\\\\EntryModel, \\\"user\\\" => Craft\\\\UserModel, \\\"currentUser\\\" => Craft\\\\UserModel, \\\"craft\\\" => Craft\\\\CraftVariable), array(\\\"content\\\" => array(__TwigTemplate_f0c99c3f1b5ee3a3f8895b8c0cf7d02c2fe332589d02cdff6c7e6a2c9bb948f7, \\\"block_content\\\"))\"},{\"objectClass\":\"__TwigTemplate_20e8982e89bef3d13c51267c01f00545fec861a6eac339655549ca3e94671f78\",\"file\":\"\\/Users\\/ryanjanvier\\/Valet Websites\\/cpdfn\\/craft\\/app\\/etc\\/templating\\/BaseTemplate.php\",\"line\":26,\"class\":\"Twig_Template\",\"method\":\"displayWithErrorHandling\",\"args\":\"array(\\\"entry\\\" => Craft\\\\EntryModel, \\\"user\\\" => Craft\\\\UserModel, \\\"currentUser\\\" => Craft\\\\UserModel, \\\"craft\\\" => Craft\\\\CraftVariable), array(\\\"content\\\" => array(__TwigTemplate_f0c99c3f1b5ee3a3f8895b8c0cf7d02c2fe332589d02cdff6c7e6a2c9bb948f7, \\\"block_content\\\"))\"},{\"objectClass\":\"__TwigTemplate_20e8982e89bef3d13c51267c01f00545fec861a6eac339655549ca3e94671f78\",\"file\":\"\\/Users\\/ryanjanvier\\/Valet Websites\\/cpdfn\\/craft\\/app\\/vendor\\/twig\\/twig\\/lib\\/Twig\\/Template.php\",\"line\":403,\"class\":\"Craft\\\\BaseTemplate\",\"method\":\"displayWithErrorHandling\",\"args\":\"array(\\\"entry\\\" => Craft\\\\EntryModel, \\\"user\\\" => Craft\\\\UserModel, \\\"currentUser\\\" => Craft\\\\UserModel, \\\"craft\\\" => Craft\\\\CraftVariable), array(\\\"content\\\" => array(__TwigTemplate_f0c99c3f1b5ee3a3f8895b8c0cf7d02c2fe332589d02cdff6c7e6a2c9bb948f7, \\\"block_content\\\"))\"},{\"objectClass\":\"__TwigTemplate_20e8982e89bef3d13c51267c01f00545fec861a6eac339655549ca3e94671f78\",\"file\":\"\\/Users\\/ryanjanvier\\/Valet Websites\\/cpdfn\\/craft\\/storage\\/runtime\\/compiled_templates\\/42\\/4263ce4c56e3d81e65313c25bf0ca906466de262989e73184bf41bb24916dc27.php\",\"line\":24,\"class\":\"Twig_Template\",\"method\":\"display\",\"args\":\"array(\\\"entry\\\" => Craft\\\\EntryModel, \\\"user\\\" => Craft\\\\UserModel, \\\"currentUser\\\" => Craft\\\\UserModel, \\\"craft\\\" => Craft\\\\CraftVariable), array(\\\"content\\\" => array(__TwigTemplate_f0c99c3f1b5ee3a3f8895b8c0cf7d02c2fe332589d02cdff6c7e6a2c9bb948f7, \\\"block_content\\\"))\",\"template\":\"_layout\",\"templateLine\":11},{\"objectClass\":\"__TwigTemplate_f0c99c3f1b5ee3a3f8895b8c0cf7d02c2fe332589d02cdff6c7e6a2c9bb948f7\",\"file\":\"\\/Users\\/ryanjanvier\\/Valet Websites\\/cpdfn\\/craft\\/app\\/vendor\\/twig\\/twig\\/lib\\/Twig\\/Template.php\",\"line\":432,\"class\":\"__TwigTemplate_f0c99c3f1b5ee3a3f8895b8c0cf7d02c2fe332589d02cdff6c7e6a2c9bb948f7\",\"method\":\"doDisplay\",\"args\":\"array(\\\"entry\\\" => Craft\\\\EntryModel, \\\"user\\\" => Craft\\\\UserModel, \\\"currentUser\\\" => Craft\\\\UserModel, \\\"craft\\\" => Craft\\\\CraftVariable), array(\\\"content\\\" => array(__TwigTemplate_f0c99c3f1b5ee3a3f8895b8c0cf7d02c2fe332589d02cdff6c7e6a2c9bb948f7, \\\"block_content\\\"))\"},{\"objectClass\":\"__TwigTemplate_f0c99c3f1b5ee3a3f8895b8c0cf7d02c2fe332589d02cdff6c7e6a2c9bb948f7\",\"file\":\"\\/Users\\/ryanjanvier\\/Valet Websites\\/cpdfn\\/craft\\/app\\/etc\\/templating\\/BaseTemplate.php\",\"line\":26,\"class\":\"Twig_Template\",\"method\":\"displayWithErrorHandling\",\"args\":\"array(\\\"entry\\\" => Craft\\\\EntryModel, \\\"user\\\" => Craft\\\\UserModel, \\\"currentUser\\\" => Craft\\\\UserModel, \\\"craft\\\" => Craft\\\\CraftVariable), array(\\\"content\\\" => array(__TwigTemplate_f0c99c3f1b5ee3a3f8895b8c0cf7d02c2fe332589d02cdff6c7e6a2c9bb948f7, \\\"block_content\\\"))\"},{\"objectClass\":\"__TwigTemplate_f0c99c3f1b5ee3a3f8895b8c0cf7d02c2fe332589d02cdff6c7e6a2c9bb948f7\",\"file\":\"\\/Users\\/ryanjanvier\\/Valet Websites\\/cpdfn\\/craft\\/app\\/vendor\\/twig\\/twig\\/lib\\/Twig\\/Template.php\",\"line\":403,\"class\":\"Craft\\\\BaseTemplate\",\"method\":\"displayWithErrorHandling\",\"args\":\"array(\\\"entry\\\" => Craft\\\\EntryModel, \\\"user\\\" => Craft\\\\UserModel, \\\"currentUser\\\" => Craft\\\\UserModel, \\\"craft\\\" => Craft\\\\CraftVariable), array(\\\"content\\\" => array(__TwigTemplate_f0c99c3f1b5ee3a3f8895b8c0cf7d02c2fe332589d02cdff6c7e6a2c9bb948f7, \\\"block_content\\\"))\"},{\"objectClass\":\"__TwigTemplate_f0c99c3f1b5ee3a3f8895b8c0cf7d02c2fe332589d02cdff6c7e6a2c9bb948f7\",\"file\":\"\\/Users\\/ryanjanvier\\/Valet Websites\\/cpdfn\\/craft\\/app\\/vendor\\/twig\\/twig\\/lib\\/Twig\\/Template.php\",\"line\":411,\"class\":\"Twig_Template\",\"method\":\"display\",\"args\":\"array(\\\"entry\\\" => Craft\\\\EntryModel)\"},{\"objectClass\":\"__TwigTemplate_f0c99c3f1b5ee3a3f8895b8c0cf7d02c2fe332589d02cdff6c7e6a2c9bb948f7\",\"file\":\"\\/Users\\/ryanjanvier\\/Valet Websites\\/cpdfn\\/craft\\/app\\/vendor\\/twig\\/twig\\/lib\\/Twig\\/Environment.php\",\"line\":362,\"class\":\"Twig_Template\",\"method\":\"render\",\"args\":\"array(\\\"entry\\\" => Craft\\\\EntryModel)\"},{\"objectClass\":\"Craft\\\\TwigEnvironment\",\"file\":\"\\/Users\\/ryanjanvier\\/Valet Websites\\/cpdfn\\/craft\\/app\\/services\\/TemplatesService.php\",\"line\":256,\"class\":\"Twig_Environment\",\"method\":\"render\",\"args\":\"\\\"index\\\", array(\\\"entry\\\" => Craft\\\\EntryModel)\"},{\"objectClass\":\"Craft\\\\TemplatesService\",\"file\":\"\\/Users\\/ryanjanvier\\/Valet Websites\\/cpdfn\\/craft\\/app\\/controllers\\/BaseController.php\",\"line\":74,\"class\":\"Craft\\\\TemplatesService\",\"method\":\"render\",\"args\":\"\\\"index\\\", array(\\\"entry\\\" => Craft\\\\EntryModel)\"},{\"objectClass\":\"Craft\\\\TemplatesController\",\"file\":\"\\/Users\\/ryanjanvier\\/Valet Websites\\/cpdfn\\/craft\\/app\\/controllers\\/TemplatesController.php\",\"line\":68,\"class\":\"Craft\\\\BaseController\",\"method\":\"renderTemplate\",\"args\":\"\\\"index\\\", array(\\\"entry\\\" => Craft\\\\EntryModel)\"},{\"objectClass\":\"Craft\\\\TemplatesController\",\"file\":null,\"line\":null,\"class\":\"Craft\\\\TemplatesController\",\"method\":\"actionRender\",\"args\":\"\\\"index\\\", array(\\\"entry\\\" => Craft\\\\EntryModel)\"},{\"objectClass\":\"ReflectionMethod\",\"file\":\"\\/Users\\/ryanjanvier\\/Valet Websites\\/cpdfn\\/craft\\/app\\/framework\\/web\\/actions\\/CAction.php\",\"line\":109,\"class\":\"ReflectionMethod\",\"method\":\"invokeArgs\",\"args\":\"Craft\\\\TemplatesController, array(\\\"index\\\", array(\\\"entry\\\" => Craft\\\\EntryModel))\"},{\"objectClass\":\"CInlineAction\",\"file\":\"\\/Users\\/ryanjanvier\\/Valet Websites\\/cpdfn\\/craft\\/app\\/framework\\/web\\/actions\\/CInlineAction.php\",\"line\":47,\"class\":\"CAction\",\"method\":\"runWithParamsInternal\",\"args\":\"Craft\\\\TemplatesController, ReflectionMethod, array(\\\"variables\\\" => array(\\\"entry\\\" => Craft\\\\EntryModel), \\\"template\\\" => \\\"index\\\")\"},{\"objectClass\":\"CInlineAction\",\"file\":\"\\/Users\\/ryanjanvier\\/Valet Websites\\/cpdfn\\/craft\\/app\\/framework\\/web\\/CController.php\",\"line\":308,\"class\":\"CInlineAction\",\"method\":\"runWithParams\",\"args\":\"array(\\\"variables\\\" => array(\\\"entry\\\" => Craft\\\\EntryModel), \\\"template\\\" => \\\"index\\\")\"},{\"objectClass\":\"Craft\\\\TemplatesController\",\"file\":\"\\/Users\\/ryanjanvier\\/Valet Websites\\/cpdfn\\/craft\\/app\\/framework\\/web\\/CController.php\",\"line\":286,\"class\":\"CController\",\"method\":\"runAction\",\"args\":\"CInlineAction\"},{\"objectClass\":\"Craft\\\\TemplatesController\",\"file\":\"\\/Users\\/ryanjanvier\\/Valet Websites\\/cpdfn\\/craft\\/app\\/framework\\/web\\/CController.php\",\"line\":265,\"class\":\"CController\",\"method\":\"runActionWithFilters\",\"args\":\"CInlineAction, array()\"},{\"objectClass\":\"Craft\\\\TemplatesController\",\"file\":\"\\/Users\\/ryanjanvier\\/Valet Websites\\/cpdfn\\/craft\\/app\\/framework\\/web\\/CWebApplication.php\",\"line\":282,\"class\":\"CController\",\"method\":\"run\",\"args\":\"\\\"render\\\"\"},{\"objectClass\":\"Craft\\\\WebApp\",\"file\":\"\\/Users\\/ryanjanvier\\/Valet Websites\\/cpdfn\\/craft\\/app\\/framework\\/web\\/CWebApplication.php\",\"line\":141,\"class\":\"CWebApplication\",\"method\":\"runController\",\"args\":\"\\\"templates\\/render\\\"\"},{\"objectClass\":\"Craft\\\\WebApp\",\"file\":\"\\/Users\\/ryanjanvier\\/Valet Websites\\/cpdfn\\/craft\\/app\\/etc\\/web\\/WebApp.php\",\"line\":290,\"class\":\"CWebApplication\",\"method\":\"processRequest\",\"args\":null},{\"objectClass\":\"Craft\\\\WebApp\",\"file\":\"\\/Users\\/ryanjanvier\\/Valet Websites\\/cpdfn\\/craft\\/app\\/framework\\/base\\/CApplication.php\",\"line\":185,\"class\":\"Craft\\\\WebApp\",\"method\":\"processRequest\",\"args\":null},{\"objectClass\":\"Craft\\\\WebApp\",\"file\":\"\\/Users\\/ryanjanvier\\/Valet Websites\\/cpdfn\\/craft\\/app\\/index.php\",\"line\":62,\"class\":\"CApplication\",\"method\":\"run\",\"args\":null},{\"objectClass\":null,\"file\":\"\\/Users\\/ryanjanvier\\/Valet Websites\\/cpdfn\\/public\\/index.php\",\"line\":19,\"class\":null,\"method\":\"require_once\",\"args\":\"\\\"\\/Users\\/ryanjanvier\\/Valet Websites\\/cpdfn\\/craft\\/app\\/index.php\\\"\"},{\"objectClass\":null,\"file\":\"\\/Users\\/ryanjanvier\\/.composer\\/vendor\\/laravel\\/valet\\/server.php\",\"line\":133,\"class\":null,\"method\":\"require\",\"args\":\"\\\"\\/Users\\/ryanjanvier\\/Valet Websites\\/cpdfn\\/public\\/index.php\\\"\"}]', '2017-09-29 19:55:27', '2017-09-29 19:55:27', '745451d3-9186-463a-86b0-d64dcc613088'),
 ('6', '{% endpaginate %}', '/Users/ryanjanvier/Valet Websites/cpdfn/craft/templates/index.html:58', '2017-09-30 02:48:01', '/Users/ryanjanvier/Valet Websites/cpdfn/craft/app/etc/templating/twigextensions/DeprecatedTag_TokenParser.php', '58', 'Craft\\DeprecatedTag_TokenParser', 'parse', '/Users/ryanjanvier/Valet Websites/cpdfn/craft/templates/index.html', '58', 'The {% endpaginate %} tag is no longer necessary. You can remove it from your ‘modules/news/_news-slider’ template on line 21.', '[{\"objectClass\":\"Craft\\\\DeprecatorService\",\"file\":\"\\/Users\\/ryanjanvier\\/Valet Websites\\/cpdfn\\/craft\\/app\\/etc\\/templating\\/twigextensions\\/DeprecatedTag_TokenParser.php\",\"line\":58,\"class\":\"Craft\\\\DeprecatorService\",\"method\":\"log\",\"args\":\"\\\"{% endpaginate %}\\\", \\\"The {% endpaginate %} tag is no longer necessary. You can remove...\\\"\"},{\"objectClass\":\"Craft\\\\DeprecatedTag_TokenParser\",\"file\":\"\\/Users\\/ryanjanvier\\/Valet Websites\\/cpdfn\\/craft\\/app\\/vendor\\/twig\\/twig\\/lib\\/Twig\\/Parser.php\",\"line\":190,\"class\":\"Craft\\\\DeprecatedTag_TokenParser\",\"method\":\"parse\",\"args\":\"Twig_Token\"},{\"objectClass\":\"Craft\\\\TwigParser\",\"file\":\"\\/Users\\/ryanjanvier\\/Valet Websites\\/cpdfn\\/craft\\/app\\/vendor\\/twig\\/twig\\/lib\\/Twig\\/Parser.php\",\"line\":103,\"class\":\"Twig_Parser\",\"method\":\"subparse\",\"args\":\"null, false\"},{\"objectClass\":\"Craft\\\\TwigParser\",\"file\":\"\\/Users\\/ryanjanvier\\/Valet Websites\\/cpdfn\\/craft\\/app\\/vendor\\/twig\\/twig\\/lib\\/Twig\\/Environment.php\",\"line\":692,\"class\":\"Twig_Parser\",\"method\":\"parse\",\"args\":\"Twig_TokenStream\"},{\"objectClass\":\"Craft\\\\TwigEnvironment\",\"file\":\"\\/Users\\/ryanjanvier\\/Valet Websites\\/cpdfn\\/craft\\/app\\/vendor\\/twig\\/twig\\/lib\\/Twig\\/Environment.php\",\"line\":750,\"class\":\"Twig_Environment\",\"method\":\"parse\",\"args\":\"Twig_TokenStream\"},{\"objectClass\":\"Craft\\\\TwigEnvironment\",\"file\":\"\\/Users\\/ryanjanvier\\/Valet Websites\\/cpdfn\\/craft\\/app\\/vendor\\/twig\\/twig\\/lib\\/Twig\\/Environment.php\",\"line\":447,\"class\":\"Twig_Environment\",\"method\":\"compileSource\",\"args\":\"Twig_Source\"},{\"objectClass\":\"Craft\\\\TwigEnvironment\",\"file\":\"\\/Users\\/ryanjanvier\\/Valet Websites\\/cpdfn\\/craft\\/app\\/etc\\/templating\\/TwigEnvironment.php\",\"line\":61,\"class\":\"Twig_Environment\",\"method\":\"loadTemplate\",\"args\":\"\\\"modules\\/news\\/_news-slider\\\", null\"},{\"objectClass\":\"Craft\\\\TwigEnvironment\",\"file\":\"\\/Users\\/ryanjanvier\\/Valet Websites\\/cpdfn\\/craft\\/app\\/vendor\\/twig\\/twig\\/lib\\/Twig\\/Template.php\",\"line\":366,\"class\":\"Craft\\\\TwigEnvironment\",\"method\":\"loadTemplate\",\"args\":\"\\\"modules\\/news\\/_news-slider\\\", null\"},{\"objectClass\":\"__TwigTemplate_f0c99c3f1b5ee3a3f8895b8c0cf7d02c2fe332589d02cdff6c7e6a2c9bb948f7\",\"file\":\"\\/Users\\/ryanjanvier\\/Valet Websites\\/cpdfn\\/craft\\/storage\\/runtime\\/compiled_templates\\/42\\/4263ce4c56e3d81e65313c25bf0ca906466de262989e73184bf41bb24916dc27.php\",\"line\":67,\"class\":\"Twig_Template\",\"method\":\"loadTemplate\",\"args\":\"\\\"modules\\/news\\/_news-slider\\\", \\\"index\\\", 58\",\"template\":\"index\",\"templateLine\":58},{\"objectClass\":\"__TwigTemplate_f0c99c3f1b5ee3a3f8895b8c0cf7d02c2fe332589d02cdff6c7e6a2c9bb948f7\",\"file\":\"\\/Users\\/ryanjanvier\\/Valet Websites\\/cpdfn\\/craft\\/app\\/vendor\\/twig\\/twig\\/lib\\/Twig\\/Template.php\",\"line\":215,\"class\":\"__TwigTemplate_f0c99c3f1b5ee3a3f8895b8c0cf7d02c2fe332589d02cdff6c7e6a2c9bb948f7\",\"method\":\"block_content\",\"args\":\"array(\\\"entry\\\" => Craft\\\\EntryModel, \\\"user\\\" => Craft\\\\UserModel, \\\"currentUser\\\" => Craft\\\\UserModel, \\\"craft\\\" => Craft\\\\CraftVariable), array(\\\"content\\\" => array(__TwigTemplate_f0c99c3f1b5ee3a3f8895b8c0cf7d02c2fe332589d02cdff6c7e6a2c9bb948f7, \\\"block_content\\\"))\"},{\"objectClass\":\"__TwigTemplate_20e8982e89bef3d13c51267c01f00545fec861a6eac339655549ca3e94671f78\",\"file\":\"\\/Users\\/ryanjanvier\\/Valet Websites\\/cpdfn\\/craft\\/storage\\/runtime\\/compiled_templates\\/3b\\/3b64b92ddbe9dc12dde89fc5edd1c3ae71a982c9eb322c191e335292dfa807a6.php\",\"line\":92,\"class\":\"Twig_Template\",\"method\":\"displayBlock\",\"args\":\"\\\"content\\\", array(\\\"entry\\\" => Craft\\\\EntryModel, \\\"user\\\" => Craft\\\\UserModel, \\\"currentUser\\\" => Craft\\\\UserModel, \\\"craft\\\" => Craft\\\\CraftVariable), array(\\\"content\\\" => array(__TwigTemplate_f0c99c3f1b5ee3a3f8895b8c0cf7d02c2fe332589d02cdff6c7e6a2c9bb948f7, \\\"block_content\\\"))\",\"template\":\"_layout\",\"templateLine\":57},{\"objectClass\":\"__TwigTemplate_20e8982e89bef3d13c51267c01f00545fec861a6eac339655549ca3e94671f78\",\"file\":\"\\/Users\\/ryanjanvier\\/Valet Websites\\/cpdfn\\/craft\\/app\\/vendor\\/twig\\/twig\\/lib\\/Twig\\/Template.php\",\"line\":432,\"class\":\"__TwigTemplate_20e8982e89bef3d13c51267c01f00545fec861a6eac339655549ca3e94671f78\",\"method\":\"doDisplay\",\"args\":\"array(\\\"entry\\\" => Craft\\\\EntryModel, \\\"user\\\" => Craft\\\\UserModel, \\\"currentUser\\\" => Craft\\\\UserModel, \\\"craft\\\" => Craft\\\\CraftVariable), array(\\\"content\\\" => array(__TwigTemplate_f0c99c3f1b5ee3a3f8895b8c0cf7d02c2fe332589d02cdff6c7e6a2c9bb948f7, \\\"block_content\\\"))\"},{\"objectClass\":\"__TwigTemplate_20e8982e89bef3d13c51267c01f00545fec861a6eac339655549ca3e94671f78\",\"file\":\"\\/Users\\/ryanjanvier\\/Valet Websites\\/cpdfn\\/craft\\/app\\/etc\\/templating\\/BaseTemplate.php\",\"line\":26,\"class\":\"Twig_Template\",\"method\":\"displayWithErrorHandling\",\"args\":\"array(\\\"entry\\\" => Craft\\\\EntryModel, \\\"user\\\" => Craft\\\\UserModel, \\\"currentUser\\\" => Craft\\\\UserModel, \\\"craft\\\" => Craft\\\\CraftVariable), array(\\\"content\\\" => array(__TwigTemplate_f0c99c3f1b5ee3a3f8895b8c0cf7d02c2fe332589d02cdff6c7e6a2c9bb948f7, \\\"block_content\\\"))\"},{\"objectClass\":\"__TwigTemplate_20e8982e89bef3d13c51267c01f00545fec861a6eac339655549ca3e94671f78\",\"file\":\"\\/Users\\/ryanjanvier\\/Valet Websites\\/cpdfn\\/craft\\/app\\/vendor\\/twig\\/twig\\/lib\\/Twig\\/Template.php\",\"line\":403,\"class\":\"Craft\\\\BaseTemplate\",\"method\":\"displayWithErrorHandling\",\"args\":\"array(\\\"entry\\\" => Craft\\\\EntryModel, \\\"user\\\" => Craft\\\\UserModel, \\\"currentUser\\\" => Craft\\\\UserModel, \\\"craft\\\" => Craft\\\\CraftVariable), array(\\\"content\\\" => array(__TwigTemplate_f0c99c3f1b5ee3a3f8895b8c0cf7d02c2fe332589d02cdff6c7e6a2c9bb948f7, \\\"block_content\\\"))\"},{\"objectClass\":\"__TwigTemplate_20e8982e89bef3d13c51267c01f00545fec861a6eac339655549ca3e94671f78\",\"file\":\"\\/Users\\/ryanjanvier\\/Valet Websites\\/cpdfn\\/craft\\/storage\\/runtime\\/compiled_templates\\/42\\/4263ce4c56e3d81e65313c25bf0ca906466de262989e73184bf41bb24916dc27.php\",\"line\":24,\"class\":\"Twig_Template\",\"method\":\"display\",\"args\":\"array(\\\"entry\\\" => Craft\\\\EntryModel, \\\"user\\\" => Craft\\\\UserModel, \\\"currentUser\\\" => Craft\\\\UserModel, \\\"craft\\\" => Craft\\\\CraftVariable), array(\\\"content\\\" => array(__TwigTemplate_f0c99c3f1b5ee3a3f8895b8c0cf7d02c2fe332589d02cdff6c7e6a2c9bb948f7, \\\"block_content\\\"))\",\"template\":\"_layout\",\"templateLine\":11},{\"objectClass\":\"__TwigTemplate_f0c99c3f1b5ee3a3f8895b8c0cf7d02c2fe332589d02cdff6c7e6a2c9bb948f7\",\"file\":\"\\/Users\\/ryanjanvier\\/Valet Websites\\/cpdfn\\/craft\\/app\\/vendor\\/twig\\/twig\\/lib\\/Twig\\/Template.php\",\"line\":432,\"class\":\"__TwigTemplate_f0c99c3f1b5ee3a3f8895b8c0cf7d02c2fe332589d02cdff6c7e6a2c9bb948f7\",\"method\":\"doDisplay\",\"args\":\"array(\\\"entry\\\" => Craft\\\\EntryModel, \\\"user\\\" => Craft\\\\UserModel, \\\"currentUser\\\" => Craft\\\\UserModel, \\\"craft\\\" => Craft\\\\CraftVariable), array(\\\"content\\\" => array(__TwigTemplate_f0c99c3f1b5ee3a3f8895b8c0cf7d02c2fe332589d02cdff6c7e6a2c9bb948f7, \\\"block_content\\\"))\"},{\"objectClass\":\"__TwigTemplate_f0c99c3f1b5ee3a3f8895b8c0cf7d02c2fe332589d02cdff6c7e6a2c9bb948f7\",\"file\":\"\\/Users\\/ryanjanvier\\/Valet Websites\\/cpdfn\\/craft\\/app\\/etc\\/templating\\/BaseTemplate.php\",\"line\":26,\"class\":\"Twig_Template\",\"method\":\"displayWithErrorHandling\",\"args\":\"array(\\\"entry\\\" => Craft\\\\EntryModel, \\\"user\\\" => Craft\\\\UserModel, \\\"currentUser\\\" => Craft\\\\UserModel, \\\"craft\\\" => Craft\\\\CraftVariable), array(\\\"content\\\" => array(__TwigTemplate_f0c99c3f1b5ee3a3f8895b8c0cf7d02c2fe332589d02cdff6c7e6a2c9bb948f7, \\\"block_content\\\"))\"},{\"objectClass\":\"__TwigTemplate_f0c99c3f1b5ee3a3f8895b8c0cf7d02c2fe332589d02cdff6c7e6a2c9bb948f7\",\"file\":\"\\/Users\\/ryanjanvier\\/Valet Websites\\/cpdfn\\/craft\\/app\\/vendor\\/twig\\/twig\\/lib\\/Twig\\/Template.php\",\"line\":403,\"class\":\"Craft\\\\BaseTemplate\",\"method\":\"displayWithErrorHandling\",\"args\":\"array(\\\"entry\\\" => Craft\\\\EntryModel, \\\"user\\\" => Craft\\\\UserModel, \\\"currentUser\\\" => Craft\\\\UserModel, \\\"craft\\\" => Craft\\\\CraftVariable), array(\\\"content\\\" => array(__TwigTemplate_f0c99c3f1b5ee3a3f8895b8c0cf7d02c2fe332589d02cdff6c7e6a2c9bb948f7, \\\"block_content\\\"))\"},{\"objectClass\":\"__TwigTemplate_f0c99c3f1b5ee3a3f8895b8c0cf7d02c2fe332589d02cdff6c7e6a2c9bb948f7\",\"file\":\"\\/Users\\/ryanjanvier\\/Valet Websites\\/cpdfn\\/craft\\/app\\/vendor\\/twig\\/twig\\/lib\\/Twig\\/Template.php\",\"line\":411,\"class\":\"Twig_Template\",\"method\":\"display\",\"args\":\"array(\\\"entry\\\" => Craft\\\\EntryModel)\"},{\"objectClass\":\"__TwigTemplate_f0c99c3f1b5ee3a3f8895b8c0cf7d02c2fe332589d02cdff6c7e6a2c9bb948f7\",\"file\":\"\\/Users\\/ryanjanvier\\/Valet Websites\\/cpdfn\\/craft\\/app\\/vendor\\/twig\\/twig\\/lib\\/Twig\\/Environment.php\",\"line\":362,\"class\":\"Twig_Template\",\"method\":\"render\",\"args\":\"array(\\\"entry\\\" => Craft\\\\EntryModel)\"},{\"objectClass\":\"Craft\\\\TwigEnvironment\",\"file\":\"\\/Users\\/ryanjanvier\\/Valet Websites\\/cpdfn\\/craft\\/app\\/services\\/TemplatesService.php\",\"line\":256,\"class\":\"Twig_Environment\",\"method\":\"render\",\"args\":\"\\\"index\\\", array(\\\"entry\\\" => Craft\\\\EntryModel)\"},{\"objectClass\":\"Craft\\\\TemplatesService\",\"file\":\"\\/Users\\/ryanjanvier\\/Valet Websites\\/cpdfn\\/craft\\/app\\/controllers\\/BaseController.php\",\"line\":74,\"class\":\"Craft\\\\TemplatesService\",\"method\":\"render\",\"args\":\"\\\"index\\\", array(\\\"entry\\\" => Craft\\\\EntryModel)\"},{\"objectClass\":\"Craft\\\\TemplatesController\",\"file\":\"\\/Users\\/ryanjanvier\\/Valet Websites\\/cpdfn\\/craft\\/app\\/controllers\\/TemplatesController.php\",\"line\":68,\"class\":\"Craft\\\\BaseController\",\"method\":\"renderTemplate\",\"args\":\"\\\"index\\\", array(\\\"entry\\\" => Craft\\\\EntryModel)\"},{\"objectClass\":\"Craft\\\\TemplatesController\",\"file\":null,\"line\":null,\"class\":\"Craft\\\\TemplatesController\",\"method\":\"actionRender\",\"args\":\"\\\"index\\\", array(\\\"entry\\\" => Craft\\\\EntryModel)\"},{\"objectClass\":\"ReflectionMethod\",\"file\":\"\\/Users\\/ryanjanvier\\/Valet Websites\\/cpdfn\\/craft\\/app\\/framework\\/web\\/actions\\/CAction.php\",\"line\":109,\"class\":\"ReflectionMethod\",\"method\":\"invokeArgs\",\"args\":\"Craft\\\\TemplatesController, array(\\\"index\\\", array(\\\"entry\\\" => Craft\\\\EntryModel))\"},{\"objectClass\":\"CInlineAction\",\"file\":\"\\/Users\\/ryanjanvier\\/Valet Websites\\/cpdfn\\/craft\\/app\\/framework\\/web\\/actions\\/CInlineAction.php\",\"line\":47,\"class\":\"CAction\",\"method\":\"runWithParamsInternal\",\"args\":\"Craft\\\\TemplatesController, ReflectionMethod, array(\\\"variables\\\" => array(\\\"entry\\\" => Craft\\\\EntryModel), \\\"template\\\" => \\\"index\\\")\"},{\"objectClass\":\"CInlineAction\",\"file\":\"\\/Users\\/ryanjanvier\\/Valet Websites\\/cpdfn\\/craft\\/app\\/framework\\/web\\/CController.php\",\"line\":308,\"class\":\"CInlineAction\",\"method\":\"runWithParams\",\"args\":\"array(\\\"variables\\\" => array(\\\"entry\\\" => Craft\\\\EntryModel), \\\"template\\\" => \\\"index\\\")\"},{\"objectClass\":\"Craft\\\\TemplatesController\",\"file\":\"\\/Users\\/ryanjanvier\\/Valet Websites\\/cpdfn\\/craft\\/app\\/framework\\/web\\/CController.php\",\"line\":286,\"class\":\"CController\",\"method\":\"runAction\",\"args\":\"CInlineAction\"},{\"objectClass\":\"Craft\\\\TemplatesController\",\"file\":\"\\/Users\\/ryanjanvier\\/Valet Websites\\/cpdfn\\/craft\\/app\\/framework\\/web\\/CController.php\",\"line\":265,\"class\":\"CController\",\"method\":\"runActionWithFilters\",\"args\":\"CInlineAction, array()\"},{\"objectClass\":\"Craft\\\\TemplatesController\",\"file\":\"\\/Users\\/ryanjanvier\\/Valet Websites\\/cpdfn\\/craft\\/app\\/framework\\/web\\/CWebApplication.php\",\"line\":282,\"class\":\"CController\",\"method\":\"run\",\"args\":\"\\\"render\\\"\"},{\"objectClass\":\"Craft\\\\WebApp\",\"file\":\"\\/Users\\/ryanjanvier\\/Valet Websites\\/cpdfn\\/craft\\/app\\/framework\\/web\\/CWebApplication.php\",\"line\":141,\"class\":\"CWebApplication\",\"method\":\"runController\",\"args\":\"\\\"templates\\/render\\\"\"},{\"objectClass\":\"Craft\\\\WebApp\",\"file\":\"\\/Users\\/ryanjanvier\\/Valet Websites\\/cpdfn\\/craft\\/app\\/etc\\/web\\/WebApp.php\",\"line\":290,\"class\":\"CWebApplication\",\"method\":\"processRequest\",\"args\":null},{\"objectClass\":\"Craft\\\\WebApp\",\"file\":\"\\/Users\\/ryanjanvier\\/Valet Websites\\/cpdfn\\/craft\\/app\\/framework\\/base\\/CApplication.php\",\"line\":185,\"class\":\"Craft\\\\WebApp\",\"method\":\"processRequest\",\"args\":null},{\"objectClass\":\"Craft\\\\WebApp\",\"file\":\"\\/Users\\/ryanjanvier\\/Valet Websites\\/cpdfn\\/craft\\/app\\/index.php\",\"line\":62,\"class\":\"CApplication\",\"method\":\"run\",\"args\":null},{\"objectClass\":null,\"file\":\"\\/Users\\/ryanjanvier\\/Valet Websites\\/cpdfn\\/public\\/index.php\",\"line\":19,\"class\":null,\"method\":\"require_once\",\"args\":\"\\\"\\/Users\\/ryanjanvier\\/Valet Websites\\/cpdfn\\/craft\\/app\\/index.php\\\"\"},{\"objectClass\":null,\"file\":\"\\/Users\\/ryanjanvier\\/.composer\\/vendor\\/laravel\\/valet\\/server.php\",\"line\":133,\"class\":null,\"method\":\"require\",\"args\":\"\\\"\\/Users\\/ryanjanvier\\/Valet Websites\\/cpdfn\\/public\\/index.php\\\"\"}]', '2017-09-29 19:57:03', '2017-09-30 02:48:01', '0affef73-8ec6-45a7-bde6-33017acb2799');



DROP TABLE IF EXISTS `craft_elementindexsettings`;


--
-- Schema for table `craft_elementindexsettings`
--
CREATE TABLE `craft_elementindexsettings` (
  `id` int(11) NOT NULL AUTO_INCREMENT,
  `type` varchar(150) COLLATE utf8_unicode_ci NOT NULL,
  `settings` text COLLATE utf8_unicode_ci,
  `dateCreated` datetime NOT NULL,
  `dateUpdated` datetime NOT NULL,
  `uid` char(36) COLLATE utf8_unicode_ci NOT NULL DEFAULT '0',
  PRIMARY KEY (`id`),
  UNIQUE KEY `craft_elementindexsettings_type_unq_idx` (`type`)
) ENGINE=InnoDB AUTO_INCREMENT=3 DEFAULT CHARSET=utf8 COLLATE=utf8_unicode_ci;

--
-- Data for table `craft_elementindexsettings`
--

INSERT INTO `craft_elementindexsettings` (`id`, `type`, `settings`, `dateCreated`, `dateUpdated`, `uid`) VALUES
 ('1', 'Asset', '{\"sources\":{\"folder:2\":{\"tableAttributes\":{\"1\":\"filename\",\"2\":\"id\"}}}}', '2017-09-27 17:48:37', '2017-09-27 17:49:29', '05be98d4-3b51-4c6a-aebc-bff74aab4167');



DROP TABLE IF EXISTS `craft_elements`;


--
-- Schema for table `craft_elements`
--
CREATE TABLE `craft_elements` (
  `id` int(11) NOT NULL AUTO_INCREMENT,
  `type` varchar(150) COLLATE utf8_unicode_ci NOT NULL,
  `enabled` tinyint(1) unsigned NOT NULL DEFAULT '1',
  `archived` tinyint(1) unsigned NOT NULL DEFAULT '0',
  `dateCreated` datetime NOT NULL,
  `dateUpdated` datetime NOT NULL,
  `uid` char(36) COLLATE utf8_unicode_ci NOT NULL DEFAULT '0',
  PRIMARY KEY (`id`),
  KEY `craft_elements_type_idx` (`type`),
  KEY `craft_elements_enabled_idx` (`enabled`),
  KEY `craft_elements_archived_dateCreated_idx` (`archived`,`dateCreated`)
) ENGINE=InnoDB AUTO_INCREMENT=17 DEFAULT CHARSET=utf8 COLLATE=utf8_unicode_ci;

--
-- Data for table `craft_elements`
--

INSERT INTO `craft_elements` (`id`, `type`, `enabled`, `archived`, `dateCreated`, `dateUpdated`, `uid`) VALUES
 ('1', 'User', '1', '0', '2017-09-15 20:51:23', '2017-09-15 20:51:23', '9fc96f7b-085e-40a3-a5fd-b6200ece72d3'),
 ('2', 'Entry', '1', '0', '2017-09-15 20:51:25', '2017-09-30 02:08:44', 'f774da21-c142-4ae1-ba8f-70864308d8e0'),
 ('5', 'Asset', '1', '0', '2017-09-27 18:11:30', '2017-09-27 19:22:35', '32cbd727-6f87-48ec-92cb-ebbfb3244015'),
 ('6', 'Asset', '1', '0', '2017-09-27 19:22:34', '2017-09-27 19:22:34', '5fe91e06-d677-427c-b663-9ef93f3462f9'),
 ('7', 'Asset', '1', '0', '2017-09-27 19:22:34', '2017-09-27 19:22:34', 'fa85b724-a5ec-47f0-a3f5-4fd054b6c1d1'),
 ('8', 'Asset', '1', '0', '2017-09-27 19:22:34', '2017-09-27 19:22:34', 'c19d6342-e7a7-4af4-8678-e0dad8d8048d'),
 ('9', 'Asset', '1', '0', '2017-09-27 19:22:35', '2017-09-27 19:22:35', '4af55588-af08-43b4-9344-2176bb737d32'),
 ('10', 'Asset', '1', '0', '2017-09-27 19:22:35', '2017-09-27 19:22:35', 'd1903ecc-a0fa-4fa9-a5fd-0f4dd757e202'),
 ('11', 'Entry', '1', '0', '2017-09-28 16:38:17', '2017-09-30 02:49:30', '154fa5d5-59b0-4d5a-8349-a679f13e41cd'),
 ('12', 'Entry', '1', '0', '2017-09-28 17:33:32', '2017-09-30 02:49:31', 'a5e5abcb-4cd2-412e-9d0b-292179cc4178'),
 ('13', 'Entry', '1', '0', '2017-09-28 17:34:19', '2017-09-30 02:49:31', '48ce828a-8eef-47de-be59-9076dafa9b89'),
 ('14', 'Entry', '1', '0', '2017-09-29 20:02:43', '2017-09-29 20:02:43', 'ea791a23-96b6-4e22-ad24-f0cb2d50348b'),
 ('15', 'Entry', '1', '0', '2017-09-30 02:07:57', '2017-10-03 17:23:01', 'ccde3bf8-8778-450a-94f8-d6b132880de6'),
 ('16', 'Asset', '1', '0', '2017-09-30 02:37:27', '2017-09-30 02:37:27', '44176431-2044-4bc8-ae51-21bcd5aca07d');



DROP TABLE IF EXISTS `craft_elements_i18n`;


--
-- Schema for table `craft_elements_i18n`
--
CREATE TABLE `craft_elements_i18n` (
  `id` int(11) NOT NULL AUTO_INCREMENT,
  `elementId` int(11) NOT NULL,
  `locale` char(12) COLLATE utf8_unicode_ci NOT NULL,
  `slug` varchar(255) COLLATE utf8_unicode_ci DEFAULT NULL,
  `uri` varchar(255) COLLATE utf8_unicode_ci DEFAULT NULL,
  `enabled` tinyint(1) unsigned NOT NULL DEFAULT '1',
  `dateCreated` datetime NOT NULL,
  `dateUpdated` datetime NOT NULL,
  `uid` char(36) COLLATE utf8_unicode_ci NOT NULL DEFAULT '0',
  PRIMARY KEY (`id`),
  UNIQUE KEY `craft_elements_i18n_elementId_locale_unq_idx` (`elementId`,`locale`),
  UNIQUE KEY `craft_elements_i18n_uri_locale_unq_idx` (`uri`,`locale`),
  KEY `craft_elements_i18n_slug_locale_idx` (`slug`,`locale`),
  KEY `craft_elements_i18n_enabled_idx` (`enabled`),
  KEY `craft_elements_i18n_locale_fk` (`locale`)
) ENGINE=InnoDB AUTO_INCREMENT=17 DEFAULT CHARSET=utf8 COLLATE=utf8_unicode_ci;

--
-- Data for table `craft_elements_i18n`
--

INSERT INTO `craft_elements_i18n` (`id`, `elementId`, `locale`, `slug`, `uri`, `enabled`, `dateCreated`, `dateUpdated`, `uid`) VALUES
 ('1', '1', 'en_ca', '', NULL, '1', '2017-09-15 20:51:23', '2017-09-15 20:51:23', '85e5f6bf-2b7d-4929-bbd7-4c5fe66f2e82'),
 ('2', '2', 'en_ca', 'homepage', '__home__', '1', '2017-09-15 20:51:25', '2017-09-30 02:08:44', 'a490b134-4c4d-4f03-a0db-dba31c943f5f'),
 ('5', '5', 'en_ca', 'logo', NULL, '1', '2017-09-27 18:11:30', '2017-09-27 19:22:35', 'bf428476-d247-4be5-a33b-1d4335b39b00'),
 ('6', '6', 'en_ca', 'newsletter-bg', NULL, '1', '2017-09-27 19:22:34', '2017-09-27 19:22:34', '86a94746-fa37-4e38-80f4-296c50c27de0'),
 ('7', '7', 'en_ca', 'hero-bg', NULL, '1', '2017-09-27 19:22:34', '2017-09-27 19:22:34', '7a857173-e2e7-4341-93d4-0a87d5f53663'),
 ('8', '8', 'en_ca', 'logo', NULL, '1', '2017-09-27 19:22:34', '2017-09-27 19:22:34', 'fadfc020-2e94-4839-9376-be6386192007'),
 ('9', '9', 'en_ca', 'play-btn', NULL, '1', '2017-09-27 19:22:35', '2017-09-27 19:22:35', '4ed460b2-b848-4253-8e8e-dcab4933d0e8'),
 ('10', '10', 'en_ca', 'wolf-no-bg', NULL, '1', '2017-09-27 19:22:35', '2017-09-27 19:22:35', '61364141-7e63-483e-a228-1e04fbd84854'),
 ('11', '11', 'en_ca', 'this-is-a-test', 'latest-news/this-is-a-test', '1', '2017-09-28 16:38:17', '2017-09-30 02:49:31', '06ca96a8-44fb-43c4-8ff8-4b66ff64c01f'),
 ('12', '12', 'en_ca', 'double-time', 'latest-news/double-time', '1', '2017-09-28 17:33:33', '2017-09-30 02:49:31', 'c0dd87f7-a7d6-48f1-8012-a788d0172b75'),
 ('13', '13', 'en_ca', 'three-times-heck-yes-long-title-test-too', 'latest-news/three-times-heck-yes-long-title-test-too', '1', '2017-09-28 17:34:19', '2017-09-30 02:49:31', '5f3e50b9-16bc-4cd1-ae33-fe25c6b68ae7'),
 ('14', '14', 'en_ca', 'harvest-camp', 'upcoming-events/harvest-camp', '1', '2017-09-29 20:02:43', '2017-09-29 20:02:43', 'c8425393-2126-4c38-82a2-d7e663259286'),
 ('15', '15', 'en_ca', 'about', 'about', '1', '2017-09-30 02:07:58', '2017-10-03 17:23:01', '75d0aba8-cb65-4368-8e19-b72c2f7d6456'),
 ('16', '16', 'en_ca', 'news-bg', NULL, '1', '2017-09-30 02:37:27', '2017-09-30 02:37:27', '0c882bef-9059-4d4e-b4da-54d107d1e563');



DROP TABLE IF EXISTS `craft_emailmessages`;


--
-- Schema for table `craft_emailmessages`
--
CREATE TABLE `craft_emailmessages` (
  `id` int(11) NOT NULL AUTO_INCREMENT,
  `key` char(150) COLLATE utf8_unicode_ci NOT NULL,
  `locale` char(12) COLLATE utf8_unicode_ci NOT NULL,
  `subject` varchar(1000) COLLATE utf8_unicode_ci NOT NULL,
  `body` text COLLATE utf8_unicode_ci NOT NULL,
  `dateCreated` datetime NOT NULL,
  `dateUpdated` datetime NOT NULL,
  `uid` char(36) COLLATE utf8_unicode_ci NOT NULL DEFAULT '0',
  PRIMARY KEY (`id`),
  UNIQUE KEY `craft_emailmessages_key_locale_unq_idx` (`key`,`locale`),
  KEY `craft_emailmessages_locale_fk` (`locale`)
) ENGINE=InnoDB DEFAULT CHARSET=utf8 COLLATE=utf8_unicode_ci;

DROP TABLE IF EXISTS `craft_entries`;


--
-- Schema for table `craft_entries`
--
CREATE TABLE `craft_entries` (
  `id` int(11) NOT NULL,
  `sectionId` int(11) NOT NULL,
  `typeId` int(11) DEFAULT NULL,
  `authorId` int(11) DEFAULT NULL,
  `postDate` datetime DEFAULT NULL,
  `expiryDate` datetime DEFAULT NULL,
  `dateCreated` datetime NOT NULL,
  `dateUpdated` datetime NOT NULL,
  `uid` char(36) COLLATE utf8_unicode_ci NOT NULL DEFAULT '0',
  PRIMARY KEY (`id`),
  KEY `craft_entries_sectionId_idx` (`sectionId`),
  KEY `craft_entries_typeId_idx` (`typeId`),
  KEY `craft_entries_postDate_idx` (`postDate`),
  KEY `craft_entries_expiryDate_idx` (`expiryDate`),
  KEY `craft_entries_authorId_fk` (`authorId`)
) ENGINE=InnoDB DEFAULT CHARSET=utf8 COLLATE=utf8_unicode_ci;

--
-- Data for table `craft_entries`
--

INSERT INTO `craft_entries` (`id`, `sectionId`, `typeId`, `authorId`, `postDate`, `expiryDate`, `dateCreated`, `dateUpdated`, `uid`) VALUES
 ('2', '1', '1', NULL, '2017-09-30 02:08:44', NULL, '2017-09-15 20:51:25', '2017-09-30 02:08:44', '812c170d-f655-4041-9c64-bfa7588825b4'),
 ('11', '2', '2', '1', '2017-09-28 16:38:00', NULL, '2017-09-28 16:38:17', '2017-09-28 17:39:37', '5827e464-99cd-4c75-b7be-610fea443c4c'),
 ('12', '2', '2', '1', '2017-09-28 17:33:00', NULL, '2017-09-28 17:33:33', '2017-09-28 17:39:06', '8f569e96-27ae-4a01-988a-60d09fca61be'),
 ('13', '2', '2', '1', '2017-09-26 00:00:00', NULL, '2017-09-28 17:34:19', '2017-09-28 17:39:50', '1a4aee5a-c27d-4010-b95c-9aa015ebb462'),
 ('14', '3', '3', '1', '2017-09-29 20:02:43', NULL, '2017-09-29 20:02:44', '2017-09-29 20:02:44', '0b788fde-f2e0-4f0d-91fc-40216e28ae37'),
 ('15', '4', '4', NULL, '2017-09-30 02:14:47', NULL, '2017-09-30 02:07:58', '2017-10-03 17:23:01', '7ee8a14c-3c9c-4914-b73d-59efd3529d24');



DROP TABLE IF EXISTS `craft_entrydrafts`;


--
-- Schema for table `craft_entrydrafts`
--
CREATE TABLE `craft_entrydrafts` (
  `id` int(11) NOT NULL AUTO_INCREMENT,
  `entryId` int(11) NOT NULL,
  `sectionId` int(11) NOT NULL,
  `creatorId` int(11) NOT NULL,
  `locale` char(12) COLLATE utf8_unicode_ci NOT NULL,
  `name` varchar(255) COLLATE utf8_unicode_ci NOT NULL,
  `notes` tinytext COLLATE utf8_unicode_ci,
  `data` mediumtext COLLATE utf8_unicode_ci NOT NULL,
  `dateCreated` datetime NOT NULL,
  `dateUpdated` datetime NOT NULL,
  `uid` char(36) COLLATE utf8_unicode_ci NOT NULL DEFAULT '0',
  PRIMARY KEY (`id`),
  KEY `craft_entrydrafts_entryId_locale_idx` (`entryId`,`locale`),
  KEY `craft_entrydrafts_sectionId_fk` (`sectionId`),
  KEY `craft_entrydrafts_creatorId_fk` (`creatorId`),
  KEY `craft_entrydrafts_locale_fk` (`locale`)
) ENGINE=InnoDB DEFAULT CHARSET=utf8 COLLATE=utf8_unicode_ci;

DROP TABLE IF EXISTS `craft_entrytypes`;


--
-- Schema for table `craft_entrytypes`
--
CREATE TABLE `craft_entrytypes` (
  `id` int(11) NOT NULL AUTO_INCREMENT,
  `sectionId` int(11) NOT NULL,
  `fieldLayoutId` int(11) DEFAULT NULL,
  `name` varchar(255) COLLATE utf8_unicode_ci NOT NULL,
  `handle` varchar(255) COLLATE utf8_unicode_ci NOT NULL,
  `hasTitleField` tinyint(1) unsigned NOT NULL DEFAULT '1',
  `titleLabel` varchar(255) COLLATE utf8_unicode_ci DEFAULT 'Title',
  `titleFormat` varchar(255) COLLATE utf8_unicode_ci DEFAULT NULL,
  `sortOrder` smallint(6) unsigned DEFAULT NULL,
  `dateCreated` datetime NOT NULL,
  `dateUpdated` datetime NOT NULL,
  `uid` char(36) COLLATE utf8_unicode_ci NOT NULL DEFAULT '0',
  PRIMARY KEY (`id`),
  UNIQUE KEY `craft_entrytypes_name_sectionId_unq_idx` (`name`,`sectionId`),
  UNIQUE KEY `craft_entrytypes_handle_sectionId_unq_idx` (`handle`,`sectionId`),
  KEY `craft_entrytypes_sectionId_fk` (`sectionId`),
  KEY `craft_entrytypes_fieldLayoutId_fk` (`fieldLayoutId`)
) ENGINE=InnoDB AUTO_INCREMENT=5 DEFAULT CHARSET=utf8 COLLATE=utf8_unicode_ci;

--
-- Data for table `craft_entrytypes`
--

INSERT INTO `craft_entrytypes` (`id`, `sectionId`, `fieldLayoutId`, `name`, `handle`, `hasTitleField`, `titleLabel`, `titleFormat`, `sortOrder`, `dateCreated`, `dateUpdated`, `uid`) VALUES
 ('1', '1', '3', 'Home', 'homepage', '1', 'Title', NULL, '1', '2017-09-15 20:51:25', '2017-09-30 02:08:44', '0e9ebae6-b827-4aeb-bb38-14e2a58ccc1c'),
 ('2', '2', '10', 'Latest News', 'latestNews', '1', 'Title', NULL, '1', '2017-09-28 16:37:39', '2017-09-28 17:38:27', 'a58cd789-eccb-47b9-8341-102085bfb738'),
 ('3', '3', '12', 'Upcoming Events', 'upcomingEvents', '1', 'Title', NULL, '1', '2017-09-29 19:59:12', '2017-09-29 20:01:36', '9b2e21b7-b3b8-4d5f-b833-3482fafd2f71'),
 ('4', '4', '15', 'About', 'about', '0', NULL, '{section.name|raw}', '1', '2017-09-30 02:07:57', '2017-09-30 02:32:48', '9646e612-7ebf-4859-b1f3-f946580b4927');



DROP TABLE IF EXISTS `craft_entryversions`;


--
-- Schema for table `craft_entryversions`
--
CREATE TABLE `craft_entryversions` (
  `id` int(11) NOT NULL AUTO_INCREMENT,
  `entryId` int(11) NOT NULL,
  `sectionId` int(11) NOT NULL,
  `creatorId` int(11) DEFAULT NULL,
  `locale` char(12) COLLATE utf8_unicode_ci NOT NULL,
  `num` smallint(6) unsigned NOT NULL,
  `notes` tinytext COLLATE utf8_unicode_ci,
  `data` mediumtext COLLATE utf8_unicode_ci NOT NULL,
  `dateCreated` datetime NOT NULL,
  `dateUpdated` datetime NOT NULL,
  `uid` char(36) COLLATE utf8_unicode_ci NOT NULL DEFAULT '0',
  PRIMARY KEY (`id`),
  KEY `craft_entryversions_entryId_locale_idx` (`entryId`,`locale`),
  KEY `craft_entryversions_sectionId_fk` (`sectionId`),
  KEY `craft_entryversions_creatorId_fk` (`creatorId`),
  KEY `craft_entryversions_locale_fk` (`locale`)
) ENGINE=InnoDB AUTO_INCREMENT=18 DEFAULT CHARSET=utf8 COLLATE=utf8_unicode_ci;

--
-- Data for table `craft_entryversions`
--

INSERT INTO `craft_entryversions` (`id`, `entryId`, `sectionId`, `creatorId`, `locale`, `num`, `notes`, `data`, `dateCreated`, `dateUpdated`, `uid`) VALUES
 ('1', '2', '1', '1', 'en_ca', '1', NULL, '{\"typeId\":\"1\",\"authorId\":null,\"title\":\"Homepage\",\"slug\":\"homepage\",\"postDate\":1505508685,\"expiryDate\":null,\"enabled\":1,\"parentId\":null,\"fields\":[]}', '2017-09-15 20:51:25', '2017-09-15 20:51:25', '89f52b8d-ae58-4478-a0f1-cd69c9c3fd73'),
 ('2', '2', '1', '1', 'en_ca', '2', '', '{\"typeId\":null,\"authorId\":null,\"title\":\"Homepage\",\"slug\":\"homepage\",\"postDate\":1505508685,\"expiryDate\":null,\"enabled\":1,\"parentId\":null,\"fields\":{\"1\":\"<p>Hello! This is a test<\\/p>\"}}', '2017-09-17 20:41:41', '2017-09-17 20:41:41', '4258f4a2-55c8-411d-94fb-cd490167dee7'),
 ('3', '11', '2', '1', 'en_ca', '1', '', '{\"typeId\":null,\"authorId\":\"1\",\"title\":\"This is a test\",\"slug\":\"this-is-a-test\",\"postDate\":1506616697,\"expiryDate\":null,\"enabled\":1,\"parentId\":null,\"fields\":[]}', '2017-09-28 16:38:17', '2017-09-28 16:38:17', '00c8b0c4-e813-493b-af26-f54acd393cde'),
 ('4', '11', '2', '1', 'en_ca', '2', '', '{\"typeId\":\"2\",\"authorId\":\"1\",\"title\":\"This is a test\",\"slug\":\"this-is-a-test\",\"postDate\":1506616680,\"expiryDate\":null,\"enabled\":1,\"parentId\":null,\"fields\":{\"1\":\"<p>This is running on empty, fooooood review!<\\/p>\"}}', '2017-09-28 16:39:48', '2017-09-28 16:39:48', '6820016e-619e-4e3d-af61-4f67a7c22d82'),
 ('5', '11', '2', '1', 'en_ca', '3', '', '{\"typeId\":\"2\",\"authorId\":\"1\",\"title\":\"This is a test\",\"slug\":\"this-is-a-test\",\"postDate\":1506616680,\"expiryDate\":null,\"enabled\":1,\"parentId\":null,\"fields\":{\"1\":\"<p>Lorem ipsum dolor sit amet, consectetur adipiscing elit. Fusce hendrerit nisi velit, id mattis turpis tincidunt et. Duis id tortor mi. Vestibulum efficitur, risus non vulputate porta, diam ex semper nibh, a cursus lacus nisl eu enim. Maecenas bibendum risus non imperdiet rhoncus. Phasellus imperdiet vulputate urna, finibus consectetur dui posuere ac. Curabitur tempus sem finibus lectus dignissim, in facilisis arcu auctor. Nunc fringilla, lacus nec sagittis fermentum, orci diam pellentesque dolor, vitae maximus massa urna non lectus. Suspendisse sagittis rutrum tortor. Sed euismod, orci et eleifend convallis, ipsum nibh fringilla tellus, at dictum nibh nisi non libero. Nam vitae leo ac nibh porta mollis. Aliquam lacus sem, vulputate sit amet tincidunt eget, eleifend eu dui.<\\/p>\\r\\n<p>Etiam tellus eros, pharetra quis lobortis ornare, accumsan ac leo. Duis pretium diam tellus, eget luctus tellus dapibus in. Vestibulum laoreet elit lectus, non pharetra ex auctor ac. Donec egestas orci eget mauris vehicula, id gravida purus aliquam. Suspendisse vel nulla velit. Proin viverra dui vitae felis molestie eleifend. Praesent non nulla aliquet, varius justo vitae, laoreet lacus. In eleifend dolor eget libero tincidunt, id placerat tortor dapibus. Quisque est massa, finibus in faucibus in, porta non ipsum.<\\/p>\\r\\n<p>Donec ornare cursus ligula. Sed nec ligula eros. In hac habitasse platea dictumst. Nunc convallis lacus rhoncus, iaculis lacus ac, condimentum sapien. Pellentesque tortor urna, maximus sit amet porttitor ac, scelerisque nec arcu. Donec posuere est vestibulum molestie ultrices. Sed scelerisque dolor in diam pulvinar, vel sodales quam imperdiet. Morbi ut lectus pellentesque, molestie sem quis, porttitor ligula. In mattis sem vitae euismod interdum.<\\/p>\"}}', '2017-09-28 17:32:48', '2017-09-28 17:32:48', '55f9e108-4f14-465b-9cc7-f649354d80ff'),
 ('6', '12', '2', '1', 'en_ca', '1', '', '{\"typeId\":null,\"authorId\":\"1\",\"title\":\"Double time!\",\"slug\":\"double-time\",\"postDate\":1506620012,\"expiryDate\":null,\"enabled\":1,\"parentId\":null,\"fields\":{\"1\":\"<p>Lorem ipsum dolor sit amet, consectetur adipiscing elit. Fusce hendrerit nisi velit, id mattis turpis tincidunt et. Duis id tortor mi. Vestibulum efficitur, risus non vulputate porta, diam ex semper nibh, a cursus lacus nisl eu enim. Maecenas bibendum risus non imperdiet rhoncus. Phasellus imperdiet vulputate urna, finibus consectetur dui posuere ac. Curabitur tempus sem finibus lectus dignissim, in facilisis arcu auctor. Nunc fringilla, lacus nec sagittis fermentum, orci diam pellentesque dolor, vitae maximus massa urna non lectus. Suspendisse sagittis rutrum tortor. Sed euismod, orci et eleifend convallis, ipsum nibh fringilla tellus, at dictum nibh nisi non libero. Nam vitae leo ac nibh porta mollis. Aliquam lacus sem, vulputate sit amet tincidunt eget, eleifend eu dui.<\\/p>\\r\\n<p>Etiam tellus eros, pharetra quis lobortis ornare, accumsan ac leo. Duis pretium diam tellus, eget luctus tellus dapibus in. Vestibulum laoreet elit lectus, non pharetra ex auctor ac. Donec egestas orci eget mauris vehicula, id gravida purus aliquam. Suspendisse vel nulla velit. Proin viverra dui vitae felis molestie eleifend. Praesent non nulla aliquet, varius justo vitae, laoreet lacus. In eleifend dolor eget libero tincidunt, id placerat tortor dapibus. Quisque est massa, finibus in faucibus in, porta non ipsum.<\\/p>\\r\\n<p>Donec ornare cursus ligula. Sed nec ligula eros. In hac habitasse platea dictumst. Nunc convallis lacus rhoncus, iaculis lacus ac, condimentum sapien. Pellentesque tortor urna, maximus sit amet porttitor ac, scelerisque nec arcu. Donec posuere est vestibulum molestie ultrices. Sed scelerisque dolor in diam pulvinar, vel sodales quam imperdiet. Morbi ut lectus pellentesque, molestie sem quis, porttitor ligula. In mattis sem vitae euismod interdum.<\\/p><p><\\/p>\"}}', '2017-09-28 17:33:33', '2017-09-28 17:33:33', '8bb4ffd1-4630-49b8-8e06-564218e383ad'),
 ('7', '13', '2', '1', 'en_ca', '1', '', '{\"typeId\":null,\"authorId\":\"1\",\"title\":\"Three times? Heck yes! Long title test too.\",\"slug\":\"three-times-heck-yes-long-title-test-too\",\"postDate\":1506384000,\"expiryDate\":null,\"enabled\":1,\"parentId\":null,\"fields\":{\"1\":\"<p>Lorem ipsum dolor sit amet, consectetur adipiscing elit. Fusce hendrerit nisi velit, id mattis turpis tincidunt et. Duis id tortor mi. Vestibulum efficitur, risus non vulputate porta, diam ex semper nibh, a cursus lacus nisl eu enim. Maecenas bibendum risus non imperdiet rhoncus. Phasellus imperdiet vulputate urna, finibus consectetur dui posuere ac. Curabitur tempus sem finibus lectus dignissim, in facilisis arcu auctor. Nunc fringilla, lacus nec sagittis fermentum, orci diam pellentesque dolor, vitae maximus massa urna non lectus. Suspendisse sagittis rutrum tortor. Sed euismod, orci et eleifend convallis, ipsum nibh fringilla tellus, at dictum nibh nisi non libero. Nam vitae leo ac nibh porta mollis. Aliquam lacus sem, vulputate sit amet tincidunt eget, eleifend eu dui.<\\/p>\\r\\n<p>Etiam tellus eros, pharetra quis lobortis ornare, accumsan ac leo. Duis pretium diam tellus, eget luctus tellus dapibus in. Vestibulum laoreet elit lectus, non pharetra ex auctor ac. Donec egestas orci eget mauris vehicula, id gravida purus aliquam. Suspendisse vel nulla velit. Proin viverra dui vitae felis molestie eleifend. Praesent non nulla aliquet, varius justo vitae, laoreet lacus. In eleifend dolor eget libero tincidunt, id placerat tortor dapibus. Quisque est massa, finibus in faucibus in, porta non ipsum.<\\/p>\\r\\n<p>Donec ornare cursus ligula. Sed nec ligula eros. In hac habitasse platea dictumst. Nunc convallis lacus rhoncus, iaculis lacus ac, condimentum sapien. Pellentesque tortor urna, maximus sit amet porttitor ac, scelerisque nec arcu. Donec posuere est vestibulum molestie ultrices. Sed scelerisque dolor in diam pulvinar, vel sodales quam imperdiet. Morbi ut lectus pellentesque, molestie sem quis, porttitor ligula. In mattis sem vitae euismod interdum.<\\/p><p><\\/p>\"}}', '2017-09-28 17:34:19', '2017-09-28 17:34:19', '2364c45f-97d8-4da9-9d4a-0d54568d9227'),
 ('8', '12', '2', '1', 'en_ca', '2', '', '{\"typeId\":\"2\",\"authorId\":\"1\",\"title\":\"Double time!\",\"slug\":\"double-time\",\"postDate\":1506619980,\"expiryDate\":null,\"enabled\":1,\"parentId\":null,\"fields\":{\"1\":\"<p>Lorem ipsum dolor sit amet, consectetur adipiscing elit. Fusce hendrerit nisi velit, id mattis turpis tincidunt et. Duis id tortor mi. Vestibulum efficitur, risus non vulputate porta, diam ex semper nibh, a cursus lacus nisl eu enim. Maecenas bibendum risus non imperdiet rhoncus. Phasellus imperdiet vulputate urna, finibus consectetur dui posuere ac. Curabitur tempus sem finibus lectus dignissim, in facilisis arcu auctor. Nunc fringilla, lacus nec sagittis fermentum, orci diam pellentesque dolor, vitae maximus massa urna non lectus. Suspendisse sagittis rutrum tortor. Sed euismod, orci et eleifend convallis, ipsum nibh fringilla tellus, at dictum nibh nisi non libero. Nam vitae leo ac nibh porta mollis. Aliquam lacus sem, vulputate sit amet tincidunt eget, eleifend eu dui.<\\/p>\\r\\n<p>Etiam tellus eros, pharetra quis lobortis ornare, accumsan ac leo. Duis pretium diam tellus, eget luctus tellus dapibus in. Vestibulum laoreet elit lectus, non pharetra ex auctor ac. Donec egestas orci eget mauris vehicula, id gravida purus aliquam. Suspendisse vel nulla velit. Proin viverra dui vitae felis molestie eleifend. Praesent non nulla aliquet, varius justo vitae, laoreet lacus. In eleifend dolor eget libero tincidunt, id placerat tortor dapibus. Quisque est massa, finibus in faucibus in, porta non ipsum.<\\/p>\\r\\n<p>Donec ornare cursus ligula. Sed nec ligula eros. In hac habitasse platea dictumst. Nunc convallis lacus rhoncus, iaculis lacus ac, condimentum sapien. Pellentesque tortor urna, maximus sit amet porttitor ac, scelerisque nec arcu. Donec posuere est vestibulum molestie ultrices. Sed scelerisque dolor in diam pulvinar, vel sodales quam imperdiet. Morbi ut lectus pellentesque, molestie sem quis, porttitor ligula. In mattis sem vitae euismod interdum.<\\/p>\",\"3\":\"Lorem ipsum dolor sit amet, consectetur adipiscing elit. Fusce hendrerit nisi velit.\",\"2\":\"\"}}', '2017-09-28 17:39:06', '2017-09-28 17:39:06', '01ed36b3-bf02-4d0b-8087-a035afc0ca0a'),
 ('9', '11', '2', '1', 'en_ca', '4', '', '{\"typeId\":\"2\",\"authorId\":\"1\",\"title\":\"This is a test\",\"slug\":\"this-is-a-test\",\"postDate\":1506616680,\"expiryDate\":null,\"enabled\":1,\"parentId\":null,\"fields\":{\"1\":\"<p>Lorem ipsum dolor sit amet, consectetur adipiscing elit. Fusce hendrerit nisi velit, id mattis turpis tincidunt et. Duis id tortor mi. Vestibulum efficitur, risus non vulputate porta, diam ex semper nibh, a cursus lacus nisl eu enim. Maecenas bibendum risus non imperdiet rhoncus. Phasellus imperdiet vulputate urna, finibus consectetur dui posuere ac. Curabitur tempus sem finibus lectus dignissim, in facilisis arcu auctor. Nunc fringilla, lacus nec sagittis fermentum, orci diam pellentesque dolor, vitae maximus massa urna non lectus. Suspendisse sagittis rutrum tortor. Sed euismod, orci et eleifend convallis, ipsum nibh fringilla tellus, at dictum nibh nisi non libero. Nam vitae leo ac nibh porta mollis. Aliquam lacus sem, vulputate sit amet tincidunt eget, eleifend eu dui.<\\/p>\\r\\n<p>Etiam tellus eros, pharetra quis lobortis ornare, accumsan ac leo. Duis pretium diam tellus, eget luctus tellus dapibus in. Vestibulum laoreet elit lectus, non pharetra ex auctor ac. Donec egestas orci eget mauris vehicula, id gravida purus aliquam. Suspendisse vel nulla velit. Proin viverra dui vitae felis molestie eleifend. Praesent non nulla aliquet, varius justo vitae, laoreet lacus. In eleifend dolor eget libero tincidunt, id placerat tortor dapibus. Quisque est massa, finibus in faucibus in, porta non ipsum.<\\/p>\\r\\n<p>Donec ornare cursus ligula. Sed nec ligula eros. In hac habitasse platea dictumst. Nunc convallis lacus rhoncus, iaculis lacus ac, condimentum sapien. Pellentesque tortor urna, maximus sit amet porttitor ac, scelerisque nec arcu. Donec posuere est vestibulum molestie ultrices. Sed scelerisque dolor in diam pulvinar, vel sodales quam imperdiet. Morbi ut lectus pellentesque, molestie sem quis, porttitor ligula. In mattis sem vitae euismod interdum.<\\/p>\",\"3\":\"Lorem ipsum dolor sit amet, consectetur adipiscing elit. Fusce hendrerit nisi velit, id mattis turpis innit amoo\",\"2\":\"\"}}', '2017-09-28 17:39:37', '2017-09-28 17:39:37', '14724476-6f7f-4278-b242-e9c8794bb35d'),
 ('10', '13', '2', '1', 'en_ca', '2', '', '{\"typeId\":\"2\",\"authorId\":\"1\",\"title\":\"Three times? Heck yes! Long title test too.\",\"slug\":\"three-times-heck-yes-long-title-test-too\",\"postDate\":1506384000,\"expiryDate\":null,\"enabled\":1,\"parentId\":null,\"fields\":{\"1\":\"<p>Lorem ipsum dolor sit amet, consectetur adipiscing elit. Fusce hendrerit nisi velit, id mattis turpis tincidunt et. Duis id tortor mi. Vestibulum efficitur, risus non vulputate porta, diam ex semper nibh, a cursus lacus nisl eu enim. Maecenas bibendum risus non imperdiet rhoncus. Phasellus imperdiet vulputate urna, finibus consectetur dui posuere ac. Curabitur tempus sem finibus lectus dignissim, in facilisis arcu auctor. Nunc fringilla, lacus nec sagittis fermentum, orci diam pellentesque dolor, vitae maximus massa urna non lectus. Suspendisse sagittis rutrum tortor. Sed euismod, orci et eleifend convallis, ipsum nibh fringilla tellus, at dictum nibh nisi non libero. Nam vitae leo ac nibh porta mollis. Aliquam lacus sem, vulputate sit amet tincidunt eget, eleifend eu dui.<\\/p>\\r\\n<p>Etiam tellus eros, pharetra quis lobortis ornare, accumsan ac leo. Duis pretium diam tellus, eget luctus tellus dapibus in. Vestibulum laoreet elit lectus, non pharetra ex auctor ac. Donec egestas orci eget mauris vehicula, id gravida purus aliquam. Suspendisse vel nulla velit. Proin viverra dui vitae felis molestie eleifend. Praesent non nulla aliquet, varius justo vitae, laoreet lacus. In eleifend dolor eget libero tincidunt, id placerat tortor dapibus. Quisque est massa, finibus in faucibus in, porta non ipsum.<\\/p>\\r\\n<p>Donec ornare cursus ligula. Sed nec ligula eros. In hac habitasse platea dictumst. Nunc convallis lacus rhoncus, iaculis lacus ac, condimentum sapien. Pellentesque tortor urna, maximus sit amet porttitor ac, scelerisque nec arcu. Donec posuere est vestibulum molestie ultrices. Sed scelerisque dolor in diam pulvinar, vel sodales quam imperdiet. Morbi ut lectus pellentesque, molestie sem quis, porttitor ligula. In mattis sem vitae euismod interdum.<\\/p>\",\"3\":\"Maecenas bibendum risus non imperdiet rhoncus. Phasellus imperdiet vulputate urna, finibus consectetur dui posuere ac. \",\"2\":\"\"}}', '2017-09-28 17:39:50', '2017-09-28 17:39:50', '36eed9be-42f8-4b2a-9278-3caa689baf2b'),
 ('11', '14', '3', '1', 'en_ca', '1', '', '{\"typeId\":null,\"authorId\":\"1\",\"title\":\"Harvest Camp\",\"slug\":\"harvest-camp\",\"postDate\":1506715363,\"expiryDate\":null,\"enabled\":1,\"parentId\":null,\"fields\":{\"1\":\"<p>Some cool content will go here to showcase the event. I&nbsp;would assume images, text, video etc. So fun!<\\/p>\",\"5\":{\"date\":\"10\\/19\\/2017\",\"time\":\"7:30 PM\"},\"4\":{\"date\":\"10\\/10\\/2017\",\"time\":\"8:00 AM\"},\"2\":\"\"}}', '2017-09-29 20:02:44', '2017-09-29 20:02:44', 'e1f2a710-660a-4dd2-8760-3d10d7e559f3'),
 ('12', '15', '4', '1', 'en_ca', '1', NULL, '{\"typeId\":\"4\",\"authorId\":null,\"title\":\"About\",\"slug\":\"about\",\"postDate\":1506737277,\"expiryDate\":null,\"enabled\":1,\"parentId\":null,\"fields\":[]}', '2017-09-30 02:07:58', '2017-09-30 02:07:58', 'b5e7a601-7eb6-420c-8906-fb203cc906f4'),
 ('13', '15', '4', '1', 'en_ca', '2', '', '{\"typeId\":\"4\",\"authorId\":null,\"title\":\"About\",\"slug\":\"about\",\"postDate\":1506737687,\"expiryDate\":null,\"enabled\":1,\"parentId\":null,\"fields\":{\"1\":\"<p>This is the about page! I&nbsp;love CraftCMS<\\/p>\"}}', '2017-09-30 02:20:52', '2017-09-30 02:20:52', '4e17cb23-a1c3-4394-8222-b14187933718'),
 ('14', '15', '4', '1', 'en_ca', '3', '', '{\"typeId\":\"4\",\"authorId\":null,\"title\":\"About\",\"slug\":\"about\",\"postDate\":1506737687,\"expiryDate\":null,\"enabled\":1,\"parentId\":null,\"fields\":{\"1\":\"<p>This is the about page! I&nbsp;love CraftCMS<\\/p>\",\"6\":\"\"}}', '2017-09-30 02:33:16', '2017-09-30 02:33:16', '59eb84e8-ca33-4135-a541-634686175e69'),
 ('15', '15', '4', '1', 'en_ca', '4', '', '{\"typeId\":\"4\",\"authorId\":null,\"title\":\"About\",\"slug\":\"about\",\"postDate\":1506737687,\"expiryDate\":null,\"enabled\":1,\"parentId\":null,\"fields\":{\"1\":\"<p>This is the about page! I&nbsp;love CraftCMS<\\/p>\",\"6\":\"\"}}', '2017-09-30 02:35:29', '2017-09-30 02:35:29', 'f2097239-f4b0-4a93-b5ee-3fc211c350f6'),
 ('16', '15', '4', '1', 'en_ca', '5', '', '{\"typeId\":\"4\",\"authorId\":null,\"title\":\"About\",\"slug\":\"about\",\"postDate\":1506737687,\"expiryDate\":null,\"enabled\":1,\"parentId\":null,\"fields\":{\"1\":\"<p>This is the about page! I&nbsp;love CraftCMS<\\/p>\",\"6\":[\"16\"]}}', '2017-09-30 02:37:43', '2017-09-30 02:37:43', 'fcaa0d8c-3b28-42a7-9aeb-2bee9506f4e2'),
 ('17', '15', '4', '1', 'en_ca', '6', '', '{\"typeId\":\"4\",\"authorId\":null,\"title\":\"About\",\"slug\":\"about\",\"postDate\":1506737687,\"expiryDate\":null,\"enabled\":1,\"parentId\":null,\"fields\":{\"1\":\"<p>This is a test<\\/p>\",\"6\":[\"16\"]}}', '2017-10-03 17:23:01', '2017-10-03 17:23:01', '49842b99-43fa-4f30-bdb2-7b3bfe3393c2');



DROP TABLE IF EXISTS `craft_fieldgroups`;


--
-- Schema for table `craft_fieldgroups`
--
CREATE TABLE `craft_fieldgroups` (
  `id` int(11) NOT NULL AUTO_INCREMENT,
  `name` varchar(255) COLLATE utf8_unicode_ci NOT NULL,
  `dateCreated` datetime NOT NULL,
  `dateUpdated` datetime NOT NULL,
  `uid` char(36) COLLATE utf8_unicode_ci NOT NULL DEFAULT '0',
  PRIMARY KEY (`id`),
  UNIQUE KEY `craft_fieldgroups_name_unq_idx` (`name`)
) ENGINE=InnoDB AUTO_INCREMENT=3 DEFAULT CHARSET=utf8 COLLATE=utf8_unicode_ci;

--
-- Data for table `craft_fieldgroups`
--

INSERT INTO `craft_fieldgroups` (`id`, `name`, `dateCreated`, `dateUpdated`, `uid`) VALUES
 ('1', 'Default', '2017-09-15 20:51:24', '2017-09-15 20:51:24', '7624bc0b-107c-4ef1-b433-c585146c5da2'),
 ('2', 'Events', '2017-09-29 20:00:09', '2017-09-29 20:00:09', '129b7323-b0b2-45ac-8f33-999b79feb8b6');



DROP TABLE IF EXISTS `craft_fieldlayoutfields`;


--
-- Schema for table `craft_fieldlayoutfields`
--
CREATE TABLE `craft_fieldlayoutfields` (
  `id` int(11) NOT NULL AUTO_INCREMENT,
  `layoutId` int(11) NOT NULL,
  `tabId` int(11) NOT NULL,
  `fieldId` int(11) NOT NULL,
  `required` tinyint(1) unsigned NOT NULL DEFAULT '0',
  `sortOrder` smallint(6) unsigned DEFAULT NULL,
  `dateCreated` datetime NOT NULL,
  `dateUpdated` datetime NOT NULL,
  `uid` char(36) COLLATE utf8_unicode_ci NOT NULL DEFAULT '0',
  PRIMARY KEY (`id`),
  UNIQUE KEY `craft_fieldlayoutfields_layoutId_fieldId_unq_idx` (`layoutId`,`fieldId`),
  KEY `craft_fieldlayoutfields_sortOrder_idx` (`sortOrder`),
  KEY `craft_fieldlayoutfields_tabId_fk` (`tabId`),
  KEY `craft_fieldlayoutfields_fieldId_fk` (`fieldId`)
) ENGINE=InnoDB AUTO_INCREMENT=13 DEFAULT CHARSET=utf8 COLLATE=utf8_unicode_ci;

--
-- Data for table `craft_fieldlayoutfields`
--

INSERT INTO `craft_fieldlayoutfields` (`id`, `layoutId`, `tabId`, `fieldId`, `required`, `sortOrder`, `dateCreated`, `dateUpdated`, `uid`) VALUES
 ('1', '3', '1', '1', '1', '1', '2017-09-15 20:51:25', '2017-09-15 20:51:25', '90a5b0be-cc33-4694-be88-c59e62dc34e2'),
 ('3', '10', '3', '3', '0', '1', '2017-09-28 17:38:27', '2017-09-28 17:38:27', '26b99e8a-7d61-4d76-8ef5-eebf8d5a9d0c'),
 ('4', '10', '3', '1', '0', '2', '2017-09-28 17:38:27', '2017-09-28 17:38:27', '87d6bb77-1fa1-4e90-a7c5-88730e4c6807'),
 ('5', '10', '3', '2', '0', '3', '2017-09-28 17:38:27', '2017-09-28 17:38:27', '9305d724-1fd9-4373-abb4-9de47712b259'),
 ('6', '12', '4', '4', '0', '1', '2017-09-29 20:01:36', '2017-09-29 20:01:36', '1f6eecf6-d88b-405b-bc13-788532533c4f'),
 ('7', '12', '4', '5', '0', '2', '2017-09-29 20:01:36', '2017-09-29 20:01:36', '85803444-f363-49ea-a759-e2f00be1422b'),
 ('8', '12', '4', '1', '0', '3', '2017-09-29 20:01:36', '2017-09-29 20:01:36', '63ccdbd3-e19a-4069-9f3d-4d45a47c3c66'),
 ('9', '12', '4', '2', '0', '4', '2017-09-29 20:01:36', '2017-09-29 20:01:36', 'ff178b3a-a162-46b9-b6da-65d7c083f702'),
 ('11', '15', '6', '1', '0', '1', '2017-09-30 02:32:48', '2017-09-30 02:32:48', '2327f042-fdc7-4610-ba18-74bb388ae418'),
 ('12', '15', '6', '6', '0', '2', '2017-09-30 02:32:48', '2017-09-30 02:32:48', '42047571-ea04-478e-aa37-e058842d86c7');



DROP TABLE IF EXISTS `craft_fieldlayouts`;


--
-- Schema for table `craft_fieldlayouts`
--
CREATE TABLE `craft_fieldlayouts` (
  `id` int(11) NOT NULL AUTO_INCREMENT,
  `type` varchar(150) COLLATE utf8_unicode_ci NOT NULL,
  `dateCreated` datetime NOT NULL,
  `dateUpdated` datetime NOT NULL,
  `uid` char(36) COLLATE utf8_unicode_ci NOT NULL DEFAULT '0',
  PRIMARY KEY (`id`),
  KEY `craft_fieldlayouts_type_idx` (`type`)
) ENGINE=InnoDB AUTO_INCREMENT=19 DEFAULT CHARSET=utf8 COLLATE=utf8_unicode_ci;

--
-- Data for table `craft_fieldlayouts`
--

INSERT INTO `craft_fieldlayouts` (`id`, `type`, `dateCreated`, `dateUpdated`, `uid`) VALUES
 ('1', 'Tag', '2017-09-15 20:51:24', '2017-09-15 20:51:24', '4f8b7e00-8e18-4448-ab9a-567141c14267'),
 ('3', 'Entry', '2017-09-15 20:51:25', '2017-09-15 20:51:25', '2653684d-b8a3-4bf4-99bb-741a14af5924'),
 ('4', 'Asset', '2017-09-19 16:57:48', '2017-09-19 16:57:48', '1e44209c-39d2-4a4e-97e1-6cd16e3c7541'),
 ('10', 'Entry', '2017-09-28 17:38:27', '2017-09-28 17:38:27', '607da680-17d5-467c-b601-239f7551db48'),
 ('12', 'Entry', '2017-09-29 20:01:36', '2017-09-29 20:01:36', '14bfafbb-6523-48b4-afef-0388b61d9d8e'),
 ('15', 'Entry', '2017-09-30 02:32:48', '2017-09-30 02:32:48', '4a4dab48-0722-4299-a9fa-9933af04b93a'),
 ('18', 'Asset', '2017-09-30 02:41:55', '2017-09-30 02:41:55', '47831612-d7d2-4595-a0ab-ea6904ed0a31');



DROP TABLE IF EXISTS `craft_fieldlayouttabs`;


--
-- Schema for table `craft_fieldlayouttabs`
--
CREATE TABLE `craft_fieldlayouttabs` (
  `id` int(11) NOT NULL AUTO_INCREMENT,
  `layoutId` int(11) NOT NULL,
  `name` varchar(255) COLLATE utf8_unicode_ci NOT NULL,
  `sortOrder` smallint(6) unsigned DEFAULT NULL,
  `dateCreated` datetime NOT NULL,
  `dateUpdated` datetime NOT NULL,
  `uid` char(36) COLLATE utf8_unicode_ci NOT NULL DEFAULT '0',
  PRIMARY KEY (`id`),
  KEY `craft_fieldlayouttabs_sortOrder_idx` (`sortOrder`),
  KEY `craft_fieldlayouttabs_layoutId_fk` (`layoutId`)
) ENGINE=InnoDB AUTO_INCREMENT=7 DEFAULT CHARSET=utf8 COLLATE=utf8_unicode_ci;

--
-- Data for table `craft_fieldlayouttabs`
--

INSERT INTO `craft_fieldlayouttabs` (`id`, `layoutId`, `name`, `sortOrder`, `dateCreated`, `dateUpdated`, `uid`) VALUES
 ('1', '3', 'Content', '1', '2017-09-15 20:51:25', '2017-09-15 20:51:25', '88497ca7-b2b4-4990-a9f7-497364277342'),
 ('3', '10', 'Content', '1', '2017-09-28 17:38:27', '2017-09-28 17:38:27', '7c9e3bc1-ca69-4e3b-99bc-dd1bf44ab657'),
 ('4', '12', 'Event Details', '1', '2017-09-29 20:01:36', '2017-09-29 20:01:36', '5d580a48-72e2-4b6b-a206-608a819a0661'),
 ('6', '15', 'About Content', '1', '2017-09-30 02:32:48', '2017-09-30 02:32:48', '73c230cf-d558-4eca-9026-68a8615a5db2');



DROP TABLE IF EXISTS `craft_fields`;


--
-- Schema for table `craft_fields`
--
CREATE TABLE `craft_fields` (
  `id` int(11) NOT NULL AUTO_INCREMENT,
  `groupId` int(11) DEFAULT NULL,
  `name` varchar(255) COLLATE utf8_unicode_ci NOT NULL,
  `handle` varchar(58) COLLATE utf8_unicode_ci NOT NULL,
  `context` varchar(255) COLLATE utf8_unicode_ci NOT NULL DEFAULT 'global',
  `instructions` text COLLATE utf8_unicode_ci,
  `translatable` tinyint(1) unsigned NOT NULL DEFAULT '0',
  `type` varchar(150) COLLATE utf8_unicode_ci NOT NULL,
  `settings` text COLLATE utf8_unicode_ci,
  `dateCreated` datetime NOT NULL,
  `dateUpdated` datetime NOT NULL,
  `uid` char(36) COLLATE utf8_unicode_ci NOT NULL DEFAULT '0',
  PRIMARY KEY (`id`),
  UNIQUE KEY `craft_fields_handle_context_unq_idx` (`handle`,`context`),
  KEY `craft_fields_context_idx` (`context`),
  KEY `craft_fields_groupId_fk` (`groupId`)
) ENGINE=InnoDB AUTO_INCREMENT=7 DEFAULT CHARSET=utf8 COLLATE=utf8_unicode_ci;

--
-- Data for table `craft_fields`
--

INSERT INTO `craft_fields` (`id`, `groupId`, `name`, `handle`, `context`, `instructions`, `translatable`, `type`, `settings`, `dateCreated`, `dateUpdated`, `uid`) VALUES
 ('1', '1', 'Body', 'body', 'global', NULL, '1', 'RichText', '{\"configFile\":\"Standard.json\",\"columnType\":\"text\"}', '2017-09-15 20:51:25', '2017-09-15 20:51:25', '7343dfcd-4fde-4561-a0a3-58dd3dc56a66'),
 ('2', '1', 'Tags', 'tags', 'global', NULL, '0', 'Tags', '{\"source\":\"taggroup:1\"}', '2017-09-15 20:51:25', '2017-09-15 20:51:25', 'b6804ec9-4344-423c-aa59-81309ebbcada'),
 ('3', '1', 'Summary', 'summary', 'global', 'Maximum of 120 characters.', '0', 'PlainText', '{\"placeholder\":\"\",\"maxLength\":\"120\",\"multiline\":\"\",\"initialRows\":\"4\"}', '2017-09-28 17:37:30', '2017-09-28 17:37:30', '4009b70e-7d56-449d-a087-3d483fe95770'),
 ('4', '2', 'Event Start', 'eventStart', 'global', '', '0', 'Date', '{\"minuteIncrement\":\"30\",\"showTime\":1,\"showDate\":1}', '2017-09-29 20:00:01', '2017-09-29 20:00:19', '040a4c49-bb9e-48f4-bc4d-af8657a12676'),
 ('5', '2', 'Event End', 'eventEnd', 'global', '', '0', 'Date', '{\"minuteIncrement\":\"30\",\"showTime\":1,\"showDate\":1}', '2017-09-29 20:00:35', '2017-09-29 20:00:35', '9d4c7923-4732-40f2-9579-ab5ef7f891e8'),
 ('6', '1', 'Page Heading Image', 'pageHeadingImage', 'global', 'Displays a background image in the header', '0', 'Assets', '{\"useSingleFolder\":\"\",\"sources\":\"*\",\"defaultUploadLocationSource\":\"2\",\"defaultUploadLocationSubpath\":\"\",\"singleUploadLocationSource\":\"2\",\"singleUploadLocationSubpath\":\"\",\"restrictFiles\":\"\",\"limit\":\"\",\"viewMode\":\"large\",\"selectionLabel\":\"\"}', '2017-09-30 02:32:17', '2017-09-30 02:32:17', '18ef7f62-125e-4d35-b639-951d49dde7d7');



DROP TABLE IF EXISTS `craft_globalsets`;


--
-- Schema for table `craft_globalsets`
--
CREATE TABLE `craft_globalsets` (
  `id` int(11) NOT NULL,
  `name` varchar(255) COLLATE utf8_unicode_ci NOT NULL,
  `handle` varchar(255) COLLATE utf8_unicode_ci NOT NULL,
  `fieldLayoutId` int(10) DEFAULT NULL,
  `dateCreated` datetime NOT NULL,
  `dateUpdated` datetime NOT NULL,
  `uid` char(36) COLLATE utf8_unicode_ci NOT NULL DEFAULT '0',
  PRIMARY KEY (`id`),
  UNIQUE KEY `craft_globalsets_name_unq_idx` (`name`),
  UNIQUE KEY `craft_globalsets_handle_unq_idx` (`handle`),
  KEY `craft_globalsets_fieldLayoutId_fk` (`fieldLayoutId`)
) ENGINE=InnoDB DEFAULT CHARSET=utf8 COLLATE=utf8_unicode_ci;

DROP TABLE IF EXISTS `craft_info`;


--
-- Schema for table `craft_info`
--
CREATE TABLE `craft_info` (
  `id` int(11) NOT NULL AUTO_INCREMENT,
  `version` varchar(50) COLLATE utf8_unicode_ci NOT NULL,
  `schemaVersion` varchar(15) COLLATE utf8_unicode_ci NOT NULL,
  `edition` tinyint(1) unsigned NOT NULL DEFAULT '0',
  `siteName` varchar(100) COLLATE utf8_unicode_ci NOT NULL,
  `siteUrl` varchar(255) COLLATE utf8_unicode_ci NOT NULL,
  `timezone` varchar(30) COLLATE utf8_unicode_ci DEFAULT NULL,
  `on` tinyint(1) unsigned NOT NULL DEFAULT '0',
  `maintenance` tinyint(1) unsigned NOT NULL DEFAULT '0',
  `dateCreated` datetime NOT NULL,
  `dateUpdated` datetime NOT NULL,
  `uid` char(36) COLLATE utf8_unicode_ci NOT NULL DEFAULT '0',
  PRIMARY KEY (`id`)
) ENGINE=InnoDB AUTO_INCREMENT=2 DEFAULT CHARSET=utf8 COLLATE=utf8_unicode_ci;

--
-- Data for table `craft_info`
--

INSERT INTO `craft_info` (`id`, `version`, `schemaVersion`, `edition`, `siteName`, `siteUrl`, `timezone`, `on`, `maintenance`, `dateCreated`, `dateUpdated`, `uid`) VALUES
 ('1', '2.6.2990', '2.6.10', '0', 'Chipewyan Prairie Dene First Nation', 'http://cpdfn.dev', 'America/Edmonton', '1', '1', '2017-09-15 20:51:20', '2017-10-03 17:29:01', 'a4e74ddf-965c-4ce1-aa7a-8ddb84303182');



DROP TABLE IF EXISTS `craft_locales`;


--
-- Schema for table `craft_locales`
--
CREATE TABLE `craft_locales` (
  `locale` char(12) COLLATE utf8_unicode_ci NOT NULL,
  `sortOrder` smallint(6) unsigned DEFAULT NULL,
  `dateCreated` datetime NOT NULL,
  `dateUpdated` datetime NOT NULL,
  `uid` char(36) COLLATE utf8_unicode_ci NOT NULL DEFAULT '0',
  PRIMARY KEY (`locale`),
  KEY `craft_locales_sortOrder_idx` (`sortOrder`)
) ENGINE=InnoDB DEFAULT CHARSET=utf8 COLLATE=utf8_unicode_ci;

--
-- Data for table `craft_locales`
--

INSERT INTO `craft_locales` (`locale`, `sortOrder`, `dateCreated`, `dateUpdated`, `uid`) VALUES
 ('en_ca', '1', '2017-09-15 20:51:23', '2017-09-15 20:51:23', 'f54709ec-a4f7-4e0f-90d8-f0a8c629fb17');



DROP TABLE IF EXISTS `craft_matrixblocks`;


--
-- Schema for table `craft_matrixblocks`
--
CREATE TABLE `craft_matrixblocks` (
  `id` int(11) NOT NULL,
  `ownerId` int(11) NOT NULL,
  `fieldId` int(11) NOT NULL,
  `typeId` int(11) DEFAULT NULL,
  `sortOrder` smallint(6) unsigned DEFAULT NULL,
  `ownerLocale` char(12) COLLATE utf8_unicode_ci DEFAULT NULL,
  `dateCreated` datetime NOT NULL,
  `dateUpdated` datetime NOT NULL,
  `uid` char(36) COLLATE utf8_unicode_ci NOT NULL DEFAULT '0',
  PRIMARY KEY (`id`),
  KEY `craft_matrixblocks_ownerId_idx` (`ownerId`),
  KEY `craft_matrixblocks_fieldId_idx` (`fieldId`),
  KEY `craft_matrixblocks_typeId_idx` (`typeId`),
  KEY `craft_matrixblocks_sortOrder_idx` (`sortOrder`),
  KEY `craft_matrixblocks_ownerLocale_fk` (`ownerLocale`)
) ENGINE=InnoDB DEFAULT CHARSET=utf8 COLLATE=utf8_unicode_ci;

DROP TABLE IF EXISTS `craft_matrixblocktypes`;


--
-- Schema for table `craft_matrixblocktypes`
--
CREATE TABLE `craft_matrixblocktypes` (
  `id` int(11) NOT NULL AUTO_INCREMENT,
  `fieldId` int(11) NOT NULL,
  `fieldLayoutId` int(11) DEFAULT NULL,
  `name` varchar(255) COLLATE utf8_unicode_ci NOT NULL,
  `handle` varchar(255) COLLATE utf8_unicode_ci NOT NULL,
  `sortOrder` smallint(6) unsigned DEFAULT NULL,
  `dateCreated` datetime NOT NULL,
  `dateUpdated` datetime NOT NULL,
  `uid` char(36) COLLATE utf8_unicode_ci NOT NULL DEFAULT '0',
  PRIMARY KEY (`id`),
  UNIQUE KEY `craft_matrixblocktypes_name_fieldId_unq_idx` (`name`,`fieldId`),
  UNIQUE KEY `craft_matrixblocktypes_handle_fieldId_unq_idx` (`handle`,`fieldId`),
  KEY `craft_matrixblocktypes_fieldId_fk` (`fieldId`),
  KEY `craft_matrixblocktypes_fieldLayoutId_fk` (`fieldLayoutId`)
) ENGINE=InnoDB DEFAULT CHARSET=utf8 COLLATE=utf8_unicode_ci;

DROP TABLE IF EXISTS `craft_migrations`;


--
-- Schema for table `craft_migrations`
--
CREATE TABLE `craft_migrations` (
  `id` int(11) NOT NULL AUTO_INCREMENT,
  `pluginId` int(11) DEFAULT NULL,
  `version` varchar(255) COLLATE utf8_unicode_ci NOT NULL,
  `applyTime` datetime NOT NULL,
  `dateCreated` datetime NOT NULL,
  `dateUpdated` datetime NOT NULL,
  `uid` char(36) COLLATE utf8_unicode_ci NOT NULL DEFAULT '0',
  PRIMARY KEY (`id`),
  UNIQUE KEY `craft_migrations_version_unq_idx` (`version`),
  KEY `craft_migrations_pluginId_fk` (`pluginId`)
) ENGINE=InnoDB AUTO_INCREMENT=40 DEFAULT CHARSET=utf8 COLLATE=utf8_unicode_ci;

--
-- Data for table `craft_migrations`
--

INSERT INTO `craft_migrations` (`id`, `pluginId`, `version`, `applyTime`, `dateCreated`, `dateUpdated`, `uid`) VALUES
 ('1', NULL, 'm000000_000000_base', '2017-09-15 20:51:22', '2017-09-15 20:51:22', '2017-09-15 20:51:22', '44cae533-caeb-422e-9897-1ecf7aa280d0'),
 ('2', NULL, 'm140730_000001_add_filename_and_format_to_transformindex', '2017-09-15 20:51:22', '2017-09-15 20:51:22', '2017-09-15 20:51:22', 'ea0cfad8-20b1-4714-b40c-9a1f3f5dc5f5'),
 ('3', NULL, 'm140815_000001_add_format_to_transforms', '2017-09-15 20:51:22', '2017-09-15 20:51:22', '2017-09-15 20:51:22', '9eaf0d39-8719-40e2-8162-78a1c860d127'),
 ('4', NULL, 'm140822_000001_allow_more_than_128_items_per_field', '2017-09-15 20:51:22', '2017-09-15 20:51:22', '2017-09-15 20:51:22', 'b58a4b00-28a2-4aa7-bc40-af6f441bfcad'),
 ('5', NULL, 'm140829_000001_single_title_formats', '2017-09-15 20:51:22', '2017-09-15 20:51:22', '2017-09-15 20:51:22', 'c1f3a351-2aff-46cc-80ce-bc29ccf6a10b'),
 ('6', NULL, 'm140831_000001_extended_cache_keys', '2017-09-15 20:51:22', '2017-09-15 20:51:22', '2017-09-15 20:51:22', 'a0edfef8-b8da-4c88-a7d0-a3570e69e7ed'),
 ('7', NULL, 'm140922_000001_delete_orphaned_matrix_blocks', '2017-09-15 20:51:22', '2017-09-15 20:51:22', '2017-09-15 20:51:22', 'f63d09e1-5d4d-4f05-9426-94ac46dc081b'),
 ('8', NULL, 'm141008_000001_elements_index_tune', '2017-09-15 20:51:22', '2017-09-15 20:51:22', '2017-09-15 20:51:22', 'b1e24cf4-ddcb-4a1f-aa35-c1a4b49a2063'),
 ('9', NULL, 'm141009_000001_assets_source_handle', '2017-09-15 20:51:22', '2017-09-15 20:51:22', '2017-09-15 20:51:22', 'b81437d9-4861-47d3-a88c-33a220615044'),
 ('10', NULL, 'm141024_000001_field_layout_tabs', '2017-09-15 20:51:22', '2017-09-15 20:51:22', '2017-09-15 20:51:22', 'c384b74b-a45f-499b-bec2-dac5583f0c79'),
 ('11', NULL, 'm141030_000000_plugin_schema_versions', '2017-09-15 20:51:22', '2017-09-15 20:51:22', '2017-09-15 20:51:22', 'e4e79910-f98e-4833-91ef-127d4000e9f6'),
 ('12', NULL, 'm141030_000001_drop_structure_move_permission', '2017-09-15 20:51:22', '2017-09-15 20:51:22', '2017-09-15 20:51:22', '2b219a86-259b-408b-bd8e-93d456c1920f'),
 ('13', NULL, 'm141103_000001_tag_titles', '2017-09-15 20:51:22', '2017-09-15 20:51:22', '2017-09-15 20:51:22', '8e4b0ce2-e654-4073-a404-8aaa533828ca'),
 ('14', NULL, 'm141109_000001_user_status_shuffle', '2017-09-15 20:51:22', '2017-09-15 20:51:22', '2017-09-15 20:51:22', 'c306f35c-7c1a-49f8-af10-4c77a0107b1e'),
 ('15', NULL, 'm141126_000001_user_week_start_day', '2017-09-15 20:51:22', '2017-09-15 20:51:22', '2017-09-15 20:51:22', '26c74ffd-90bf-4ae8-a87d-97b5d8ef4f5f'),
 ('16', NULL, 'm150210_000001_adjust_user_photo_size', '2017-09-15 20:51:22', '2017-09-15 20:51:22', '2017-09-15 20:51:22', 'a1f8a770-04de-42e6-858f-0fb89ebb14b3'),
 ('17', NULL, 'm150724_000001_adjust_quality_settings', '2017-09-15 20:51:22', '2017-09-15 20:51:22', '2017-09-15 20:51:22', '4290e07b-3a72-4b6a-9a0f-66540ae9b0b6'),
 ('18', NULL, 'm150827_000000_element_index_settings', '2017-09-15 20:51:22', '2017-09-15 20:51:22', '2017-09-15 20:51:22', '490f1007-cd32-4387-aafc-52d97e2896ec'),
 ('19', NULL, 'm150918_000001_add_colspan_to_widgets', '2017-09-15 20:51:22', '2017-09-15 20:51:22', '2017-09-15 20:51:22', 'fe06f046-fddc-4407-8489-6c9559fad5ed'),
 ('20', NULL, 'm151007_000000_clear_asset_caches', '2017-09-15 20:51:22', '2017-09-15 20:51:22', '2017-09-15 20:51:22', '7edb058b-c616-41cb-8b0a-628b6e26f929'),
 ('21', NULL, 'm151109_000000_text_url_formats', '2017-09-15 20:51:22', '2017-09-15 20:51:22', '2017-09-15 20:51:22', '9fac383c-b3a5-435f-9d18-dd5a124e54ff'),
 ('22', NULL, 'm151110_000000_move_logo', '2017-09-15 20:51:22', '2017-09-15 20:51:22', '2017-09-15 20:51:22', '31ef5ab1-f901-4a03-b970-d74d4631998a'),
 ('23', NULL, 'm151117_000000_adjust_image_widthheight', '2017-09-15 20:51:22', '2017-09-15 20:51:22', '2017-09-15 20:51:22', '5f27bb54-d6c3-4066-a9b6-e77f7c563f1d'),
 ('24', NULL, 'm151127_000000_clear_license_key_status', '2017-09-15 20:51:22', '2017-09-15 20:51:22', '2017-09-15 20:51:22', 'c5e4b082-c341-4801-927b-f80a0ad934ed'),
 ('25', NULL, 'm151127_000000_plugin_license_keys', '2017-09-15 20:51:22', '2017-09-15 20:51:22', '2017-09-15 20:51:22', 'a8ea3e09-bb06-4ba3-a296-7e878874464b'),
 ('26', NULL, 'm151130_000000_update_pt_widget_feeds', '2017-09-15 20:51:22', '2017-09-15 20:51:22', '2017-09-15 20:51:22', 'aca84814-c946-425e-8108-4f5f8c4f16da'),
 ('27', NULL, 'm160114_000000_asset_sources_public_url_default_true', '2017-09-15 20:51:22', '2017-09-15 20:51:22', '2017-09-15 20:51:22', '4530eee9-8012-47dd-9748-342a21f31e4f'),
 ('28', NULL, 'm160223_000000_sortorder_to_smallint', '2017-09-15 20:51:22', '2017-09-15 20:51:22', '2017-09-15 20:51:22', 'a5eeb5f8-b490-4138-b058-c0bceed2182a'),
 ('29', NULL, 'm160229_000000_set_default_entry_statuses', '2017-09-15 20:51:22', '2017-09-15 20:51:22', '2017-09-15 20:51:22', '68eb451e-1b55-4417-8c8c-b931f3a8994c'),
 ('30', NULL, 'm160304_000000_client_permissions', '2017-09-15 20:51:22', '2017-09-15 20:51:22', '2017-09-15 20:51:22', '2cbd45fd-458b-4b23-a6df-58b1b028ab01'),
 ('31', NULL, 'm160322_000000_asset_filesize', '2017-09-15 20:51:22', '2017-09-15 20:51:22', '2017-09-15 20:51:22', '96aee513-6372-4305-8b99-35bb6f1a29d1'),
 ('32', NULL, 'm160503_000000_orphaned_fieldlayouts', '2017-09-15 20:51:22', '2017-09-15 20:51:22', '2017-09-15 20:51:22', 'ea63271d-99d5-48fd-bd0b-2022a11fddbb'),
 ('33', NULL, 'm160510_000000_tasksettings', '2017-09-15 20:51:22', '2017-09-15 20:51:22', '2017-09-15 20:51:22', '8b088240-e094-4c2b-b315-6eaf9d5aac93'),
 ('34', NULL, 'm160829_000000_pending_user_content_cleanup', '2017-09-15 20:51:22', '2017-09-15 20:51:22', '2017-09-15 20:51:22', '012e901b-233e-4269-be96-fb0dfbef3250'),
 ('35', NULL, 'm160830_000000_asset_index_uri_increase', '2017-09-15 20:51:22', '2017-09-15 20:51:22', '2017-09-15 20:51:22', 'b018257a-84a1-470c-9e78-071ac2d34948'),
 ('36', NULL, 'm160919_000000_usergroup_handle_title_unique', '2017-09-15 20:51:22', '2017-09-15 20:51:22', '2017-09-15 20:51:22', 'bbad9b5a-29b7-4997-87a9-63c80daa13ab'),
 ('37', NULL, 'm161108_000000_new_version_format', '2017-09-15 20:51:22', '2017-09-15 20:51:22', '2017-09-15 20:51:22', 'e9748fb9-0861-416d-9156-3b0f2eeb0271'),
 ('38', NULL, 'm161109_000000_index_shuffle', '2017-09-15 20:51:22', '2017-09-15 20:51:22', '2017-09-15 20:51:22', 'ab06a0fe-33a9-4914-9695-46bc24910d06'),
 ('39', NULL, 'm170612_000000_route_index_shuffle', '2017-09-15 20:51:22', '2017-09-15 20:51:22', '2017-09-15 20:51:22', '2b016c0d-ece8-435e-9d4b-eb274d4eac1f');



DROP TABLE IF EXISTS `craft_olivemenus_menus`;


--
-- Schema for table `craft_olivemenus_menus`
--
CREATE TABLE `craft_olivemenus_menus` (
  `id` int(11) NOT NULL AUTO_INCREMENT,
  `name` varchar(255) COLLATE utf8_unicode_ci NOT NULL,
  `handle` varchar(255) COLLATE utf8_unicode_ci NOT NULL,
  `dateCreated` datetime NOT NULL,
  `dateUpdated` datetime NOT NULL,
  `uid` char(36) COLLATE utf8_unicode_ci NOT NULL DEFAULT '0',
  PRIMARY KEY (`id`),
  UNIQUE KEY `craft_olivemenus_menus_handle_unq_idx` (`handle`)
) ENGINE=InnoDB AUTO_INCREMENT=2 DEFAULT CHARSET=utf8 COLLATE=utf8_unicode_ci;

--
-- Data for table `craft_olivemenus_menus`
--

INSERT INTO `craft_olivemenus_menus` (`id`, `name`, `handle`, `dateCreated`, `dateUpdated`, `uid`) VALUES
 ('1', 'Main Menu', 'mainMenu', '2017-09-29 15:36:45', '2017-09-29 15:36:45', '6fc2f009-28db-4725-b2f1-6cd0b6ae74ed');



DROP TABLE IF EXISTS `craft_olivemenus_menus_items`;


--
-- Schema for table `craft_olivemenus_menus_items`
--
CREATE TABLE `craft_olivemenus_menus_items` (
  `id` int(11) NOT NULL AUTO_INCREMENT,
  `menu_id` int(10) NOT NULL,
  `parent_id` int(10) NOT NULL,
  `item_order` int(10) NOT NULL,
  `name` varchar(255) COLLATE utf8_unicode_ci NOT NULL,
  `entry_id` varchar(255) COLLATE utf8_unicode_ci DEFAULT NULL,
  `custom_url` varchar(255) COLLATE utf8_unicode_ci DEFAULT NULL,
  `class` varchar(255) COLLATE utf8_unicode_ci DEFAULT NULL,
  `class_parent` varchar(255) COLLATE utf8_unicode_ci DEFAULT NULL,
  `data_json` varchar(255) COLLATE utf8_unicode_ci DEFAULT NULL,
  `dateCreated` datetime NOT NULL,
  `dateUpdated` datetime NOT NULL,
  `uid` char(36) COLLATE utf8_unicode_ci NOT NULL DEFAULT '0',
  PRIMARY KEY (`id`)
) ENGINE=InnoDB AUTO_INCREMENT=4 DEFAULT CHARSET=utf8 COLLATE=utf8_unicode_ci;

--
-- Data for table `craft_olivemenus_menus_items`
--

INSERT INTO `craft_olivemenus_menus_items` (`id`, `menu_id`, `parent_id`, `item_order`, `name`, `entry_id`, `custom_url`, `class`, `class_parent`, `data_json`, `dateCreated`, `dateUpdated`, `uid`) VALUES
 ('1', '1', '0', '0', 'Homepage', '2', '', '', '', '', '2017-09-29 15:38:28', '2017-10-03 16:51:10', '8e615806-d0ef-429d-850c-3c8a4d2db3bb'),
 ('3', '1', '0', '1', 'About', '15', '', '', '', '', '2017-10-03 16:51:10', '2017-10-03 16:51:10', '602c03bc-4de3-47c0-8747-d1080eab3ca0');



DROP TABLE IF EXISTS `craft_plugins`;


--
-- Schema for table `craft_plugins`
--
CREATE TABLE `craft_plugins` (
  `id` int(11) NOT NULL AUTO_INCREMENT,
  `class` varchar(150) COLLATE utf8_unicode_ci NOT NULL,
  `version` varchar(15) COLLATE utf8_unicode_ci NOT NULL,
  `schemaVersion` varchar(15) COLLATE utf8_unicode_ci DEFAULT NULL,
  `licenseKey` char(24) COLLATE utf8_unicode_ci DEFAULT NULL,
  `licenseKeyStatus` enum('valid','invalid','mismatched','unknown') COLLATE utf8_unicode_ci NOT NULL DEFAULT 'unknown',
  `enabled` tinyint(1) unsigned NOT NULL DEFAULT '0',
  `settings` text COLLATE utf8_unicode_ci,
  `installDate` datetime NOT NULL,
  `dateCreated` datetime NOT NULL,
  `dateUpdated` datetime NOT NULL,
  `uid` char(36) COLLATE utf8_unicode_ci NOT NULL DEFAULT '0',
  PRIMARY KEY (`id`)
) ENGINE=InnoDB AUTO_INCREMENT=2 DEFAULT CHARSET=utf8 COLLATE=utf8_unicode_ci;

--
-- Data for table `craft_plugins`
--

INSERT INTO `craft_plugins` (`id`, `class`, `version`, `schemaVersion`, `licenseKey`, `licenseKeyStatus`, `enabled`, `settings`, `installDate`, `dateCreated`, `dateUpdated`, `uid`) VALUES
 ('1', 'Olivemenus', '1.0.0', NULL, NULL, 'unknown', '1', NULL, '2017-09-29 15:36:32', '2017-09-29 15:36:32', '2017-10-03 17:28:58', 'f0e3b868-ddbd-4963-a954-ea06816526b8');



DROP TABLE IF EXISTS `craft_rackspaceaccess`;


--
-- Schema for table `craft_rackspaceaccess`
--
CREATE TABLE `craft_rackspaceaccess` (
  `id` int(11) NOT NULL AUTO_INCREMENT,
  `connectionKey` varchar(255) COLLATE utf8_unicode_ci NOT NULL,
  `token` varchar(255) COLLATE utf8_unicode_ci NOT NULL,
  `storageUrl` varchar(255) COLLATE utf8_unicode_ci NOT NULL,
  `cdnUrl` varchar(255) COLLATE utf8_unicode_ci NOT NULL,
  `dateCreated` datetime NOT NULL,
  `dateUpdated` datetime NOT NULL,
  `uid` char(36) COLLATE utf8_unicode_ci NOT NULL DEFAULT '0',
  PRIMARY KEY (`id`),
  UNIQUE KEY `craft_rackspaceaccess_connectionKey_unq_idx` (`connectionKey`)
) ENGINE=InnoDB DEFAULT CHARSET=utf8 COLLATE=utf8_unicode_ci;

DROP TABLE IF EXISTS `craft_relations`;


--
-- Schema for table `craft_relations`
--
CREATE TABLE `craft_relations` (
  `id` int(11) NOT NULL AUTO_INCREMENT,
  `fieldId` int(11) NOT NULL,
  `sourceId` int(11) NOT NULL,
  `sourceLocale` char(12) COLLATE utf8_unicode_ci DEFAULT NULL,
  `targetId` int(11) NOT NULL,
  `sortOrder` smallint(6) DEFAULT NULL,
  `dateCreated` datetime NOT NULL,
  `dateUpdated` datetime NOT NULL,
  `uid` char(36) COLLATE utf8_unicode_ci NOT NULL DEFAULT '0',
  PRIMARY KEY (`id`),
  UNIQUE KEY `craft_relations_fieldId_sourceId_sourceLocale_targetId_unq_idx` (`fieldId`,`sourceId`,`sourceLocale`,`targetId`),
  KEY `craft_relations_sourceId_fk` (`sourceId`),
  KEY `craft_relations_sourceLocale_fk` (`sourceLocale`),
  KEY `craft_relations_targetId_fk` (`targetId`)
) ENGINE=InnoDB AUTO_INCREMENT=3 DEFAULT CHARSET=utf8 COLLATE=utf8_unicode_ci;

--
-- Data for table `craft_relations`
--

INSERT INTO `craft_relations` (`id`, `fieldId`, `sourceId`, `sourceLocale`, `targetId`, `sortOrder`, `dateCreated`, `dateUpdated`, `uid`) VALUES
 ('2', '6', '15', NULL, '16', '1', '2017-10-03 17:23:01', '2017-10-03 17:23:01', 'bdc7addf-2e79-4fd0-84d0-e37ccebebb97');



DROP TABLE IF EXISTS `craft_routes`;


--
-- Schema for table `craft_routes`
--
CREATE TABLE `craft_routes` (
  `id` int(11) NOT NULL AUTO_INCREMENT,
  `locale` char(12) COLLATE utf8_unicode_ci DEFAULT NULL,
  `urlParts` varchar(255) COLLATE utf8_unicode_ci NOT NULL,
  `urlPattern` varchar(255) COLLATE utf8_unicode_ci NOT NULL,
  `template` varchar(255) COLLATE utf8_unicode_ci NOT NULL,
  `sortOrder` smallint(6) unsigned DEFAULT NULL,
  `dateCreated` datetime NOT NULL,
  `dateUpdated` datetime NOT NULL,
  `uid` char(36) COLLATE utf8_unicode_ci NOT NULL DEFAULT '0',
  PRIMARY KEY (`id`),
  KEY `craft_routes_locale_idx` (`locale`),
  KEY `craft_routes_urlPattern_idx` (`urlPattern`)
) ENGINE=InnoDB DEFAULT CHARSET=utf8 COLLATE=utf8_unicode_ci;

DROP TABLE IF EXISTS `craft_searchindex`;


--
-- Schema for table `craft_searchindex`
--
CREATE TABLE `craft_searchindex` (
  `elementId` int(11) NOT NULL,
  `attribute` varchar(25) COLLATE utf8_unicode_ci NOT NULL,
  `fieldId` int(11) NOT NULL,
  `locale` char(12) COLLATE utf8_unicode_ci NOT NULL,
  `keywords` text COLLATE utf8_unicode_ci NOT NULL,
  PRIMARY KEY (`elementId`,`attribute`,`fieldId`,`locale`),
  FULLTEXT KEY `craft_searchindex_keywords_idx` (`keywords`)
) ENGINE=MyISAM DEFAULT CHARSET=utf8 COLLATE=utf8_unicode_ci;

--
-- Data for table `craft_searchindex`
--

INSERT INTO `craft_searchindex` (`elementId`, `attribute`, `fieldId`, `locale`, `keywords`) VALUES
 ('1', 'username', '0', 'en_ca', ' admin '),
 ('1', 'firstname', '0', 'en_ca', ''),
 ('1', 'lastname', '0', 'en_ca', ''),
 ('1', 'fullname', '0', 'en_ca', ''),
 ('1', 'email', '0', 'en_ca', ' ryan liquidtrends com '),
 ('1', 'slug', '0', 'en_ca', ''),
 ('2', 'slug', '0', 'en_ca', ' homepage '),
 ('2', 'title', '0', 'en_ca', ' homepage '),
 ('2', 'field', '1', 'en_ca', ' hello this is a test '),
 ('5', 'kind', '0', 'en_ca', ' image '),
 ('5', 'slug', '0', 'en_ca', ' logo '),
 ('5', 'title', '0', 'en_ca', ' logo '),
 ('5', 'extension', '0', 'en_ca', ' png '),
 ('5', 'filename', '0', 'en_ca', ' logo png '),
 ('6', 'filename', '0', 'en_ca', ' newsletter bg jpg '),
 ('6', 'extension', '0', 'en_ca', ' jpg '),
 ('6', 'kind', '0', 'en_ca', ' image '),
 ('6', 'slug', '0', 'en_ca', ' newsletter bg '),
 ('6', 'title', '0', 'en_ca', ' newsletter bg '),
 ('7', 'filename', '0', 'en_ca', ' hero bg jpg '),
 ('7', 'extension', '0', 'en_ca', ' jpg '),
 ('7', 'kind', '0', 'en_ca', ' image '),
 ('7', 'slug', '0', 'en_ca', ' hero bg '),
 ('7', 'title', '0', 'en_ca', ' hero bg '),
 ('8', 'filename', '0', 'en_ca', ' logo png '),
 ('8', 'extension', '0', 'en_ca', ' png '),
 ('8', 'kind', '0', 'en_ca', ' image '),
 ('8', 'slug', '0', 'en_ca', ' logo '),
 ('8', 'title', '0', 'en_ca', ' logo '),
 ('9', 'filename', '0', 'en_ca', ' play btn png '),
 ('9', 'extension', '0', 'en_ca', ' png '),
 ('9', 'kind', '0', 'en_ca', ' image '),
 ('9', 'slug', '0', 'en_ca', ' play btn '),
 ('9', 'title', '0', 'en_ca', ' play btn '),
 ('10', 'filename', '0', 'en_ca', ' wolf no bg png '),
 ('10', 'extension', '0', 'en_ca', ' png '),
 ('10', 'kind', '0', 'en_ca', ' image '),
 ('10', 'slug', '0', 'en_ca', ' wolf no bg '),
 ('10', 'title', '0', 'en_ca', ' wolf no bg '),
 ('11', 'slug', '0', 'en_ca', ' this is a test '),
 ('11', 'title', '0', 'en_ca', ' this is a test '),
 ('11', 'field', '1', 'en_ca', ' lorem ipsum dolor sit amet consectetur adipiscing elit fusce hendrerit nisi velit id mattis turpis tincidunt et duis id tortor mi vestibulum efficitur risus non vulputate porta diam ex semper nibh a cursus lacus nisl eu enim maecenas bibendum risus non imperdiet rhoncus phasellus imperdiet vulputate urna finibus consectetur dui posuere ac curabitur tempus sem finibus lectus dignissim in facilisis arcu auctor nunc fringilla lacus nec sagittis fermentum orci diam pellentesque dolor vitae maximus massa urna non lectus suspendisse sagittis rutrum tortor sed euismod orci et eleifend convallis ipsum nibh fringilla tellus at dictum nibh nisi non libero nam vitae leo ac nibh porta mollis aliquam lacus sem vulputate sit amet tincidunt eget eleifend eu dui etiam tellus eros pharetra quis lobortis ornare accumsan ac leo duis pretium diam tellus eget luctus tellus dapibus in vestibulum laoreet elit lectus non pharetra ex auctor ac donec egestas orci eget mauris vehicula id gravida purus aliquam suspendisse vel nulla velit proin viverra dui vitae felis molestie eleifend praesent non nulla aliquet varius justo vitae laoreet lacus in eleifend dolor eget libero tincidunt id placerat tortor dapibus quisque est massa finibus in faucibus in porta non ipsum donec ornare cursus ligula sed nec ligula eros in hac habitasse platea dictumst nunc convallis lacus rhoncus iaculis lacus ac condimentum sapien pellentesque tortor urna maximus sit amet porttitor ac scelerisque nec arcu donec posuere est vestibulum molestie ultrices sed scelerisque dolor in diam pulvinar vel sodales quam imperdiet morbi ut lectus pellentesque molestie sem quis porttitor ligula in mattis sem vitae euismod interdum '),
 ('12', 'field', '1', 'en_ca', ' lorem ipsum dolor sit amet consectetur adipiscing elit fusce hendrerit nisi velit id mattis turpis tincidunt et duis id tortor mi vestibulum efficitur risus non vulputate porta diam ex semper nibh a cursus lacus nisl eu enim maecenas bibendum risus non imperdiet rhoncus phasellus imperdiet vulputate urna finibus consectetur dui posuere ac curabitur tempus sem finibus lectus dignissim in facilisis arcu auctor nunc fringilla lacus nec sagittis fermentum orci diam pellentesque dolor vitae maximus massa urna non lectus suspendisse sagittis rutrum tortor sed euismod orci et eleifend convallis ipsum nibh fringilla tellus at dictum nibh nisi non libero nam vitae leo ac nibh porta mollis aliquam lacus sem vulputate sit amet tincidunt eget eleifend eu dui etiam tellus eros pharetra quis lobortis ornare accumsan ac leo duis pretium diam tellus eget luctus tellus dapibus in vestibulum laoreet elit lectus non pharetra ex auctor ac donec egestas orci eget mauris vehicula id gravida purus aliquam suspendisse vel nulla velit proin viverra dui vitae felis molestie eleifend praesent non nulla aliquet varius justo vitae laoreet lacus in eleifend dolor eget libero tincidunt id placerat tortor dapibus quisque est massa finibus in faucibus in porta non ipsum donec ornare cursus ligula sed nec ligula eros in hac habitasse platea dictumst nunc convallis lacus rhoncus iaculis lacus ac condimentum sapien pellentesque tortor urna maximus sit amet porttitor ac scelerisque nec arcu donec posuere est vestibulum molestie ultrices sed scelerisque dolor in diam pulvinar vel sodales quam imperdiet morbi ut lectus pellentesque molestie sem quis porttitor ligula in mattis sem vitae euismod interdum '),
 ('12', 'slug', '0', 'en_ca', ' double time '),
 ('12', 'title', '0', 'en_ca', ' double time '),
 ('13', 'field', '1', 'en_ca', ' lorem ipsum dolor sit amet consectetur adipiscing elit fusce hendrerit nisi velit id mattis turpis tincidunt et duis id tortor mi vestibulum efficitur risus non vulputate porta diam ex semper nibh a cursus lacus nisl eu enim maecenas bibendum risus non imperdiet rhoncus phasellus imperdiet vulputate urna finibus consectetur dui posuere ac curabitur tempus sem finibus lectus dignissim in facilisis arcu auctor nunc fringilla lacus nec sagittis fermentum orci diam pellentesque dolor vitae maximus massa urna non lectus suspendisse sagittis rutrum tortor sed euismod orci et eleifend convallis ipsum nibh fringilla tellus at dictum nibh nisi non libero nam vitae leo ac nibh porta mollis aliquam lacus sem vulputate sit amet tincidunt eget eleifend eu dui etiam tellus eros pharetra quis lobortis ornare accumsan ac leo duis pretium diam tellus eget luctus tellus dapibus in vestibulum laoreet elit lectus non pharetra ex auctor ac donec egestas orci eget mauris vehicula id gravida purus aliquam suspendisse vel nulla velit proin viverra dui vitae felis molestie eleifend praesent non nulla aliquet varius justo vitae laoreet lacus in eleifend dolor eget libero tincidunt id placerat tortor dapibus quisque est massa finibus in faucibus in porta non ipsum donec ornare cursus ligula sed nec ligula eros in hac habitasse platea dictumst nunc convallis lacus rhoncus iaculis lacus ac condimentum sapien pellentesque tortor urna maximus sit amet porttitor ac scelerisque nec arcu donec posuere est vestibulum molestie ultrices sed scelerisque dolor in diam pulvinar vel sodales quam imperdiet morbi ut lectus pellentesque molestie sem quis porttitor ligula in mattis sem vitae euismod interdum '),
 ('13', 'slug', '0', 'en_ca', ' three times heck yes long title test too '),
 ('13', 'title', '0', 'en_ca', ' three times heck yes long title test too '),
 ('12', 'field', '3', 'en_ca', ' lorem ipsum dolor sit amet consectetur adipiscing elit fusce hendrerit nisi velit '),
 ('12', 'field', '2', 'en_ca', ''),
 ('11', 'field', '3', 'en_ca', ' lorem ipsum dolor sit amet consectetur adipiscing elit fusce hendrerit nisi velit id mattis turpis innit amoo '),
 ('11', 'field', '2', 'en_ca', ''),
 ('13', 'field', '3', 'en_ca', ' maecenas bibendum risus non imperdiet rhoncus phasellus imperdiet vulputate urna finibus consectetur dui posuere ac '),
 ('13', 'field', '2', 'en_ca', ''),
 ('14', 'field', '4', 'en_ca', ' 2017 10 10 '),
 ('14', 'field', '5', 'en_ca', ' 2017 10 19 '),
 ('14', 'field', '1', 'en_ca', ' some cool content will go here to showcase the event i would assume images text video etc so fun '),
 ('14', 'field', '2', 'en_ca', ''),
 ('14', 'slug', '0', 'en_ca', ' harvest camp '),
 ('14', 'title', '0', 'en_ca', ' harvest camp '),
 ('15', 'slug', '0', 'en_ca', ' about '),
 ('15', 'title', '0', 'en_ca', ' about '),
 ('15', 'field', '1', 'en_ca', ' this is a test '),
 ('15', 'field', '6', 'en_ca', ' news bg '),
 ('16', 'filename', '0', 'en_ca', ' news bg jpg '),
 ('16', 'extension', '0', 'en_ca', ' jpg '),
 ('16', 'kind', '0', 'en_ca', ' image '),
 ('16', 'slug', '0', 'en_ca', ' news bg '),
 ('16', 'title', '0', 'en_ca', ' news bg ');



DROP TABLE IF EXISTS `craft_sections`;


--
-- Schema for table `craft_sections`
--
CREATE TABLE `craft_sections` (
  `id` int(11) NOT NULL AUTO_INCREMENT,
  `structureId` int(11) DEFAULT NULL,
  `name` varchar(255) COLLATE utf8_unicode_ci NOT NULL,
  `handle` varchar(255) COLLATE utf8_unicode_ci NOT NULL,
  `type` enum('single','channel','structure') COLLATE utf8_unicode_ci NOT NULL DEFAULT 'channel',
  `hasUrls` tinyint(1) unsigned NOT NULL DEFAULT '1',
  `template` varchar(500) COLLATE utf8_unicode_ci DEFAULT NULL,
  `enableVersioning` tinyint(1) unsigned NOT NULL DEFAULT '0',
  `dateCreated` datetime NOT NULL,
  `dateUpdated` datetime NOT NULL,
  `uid` char(36) COLLATE utf8_unicode_ci NOT NULL DEFAULT '0',
  PRIMARY KEY (`id`),
  UNIQUE KEY `craft_sections_name_unq_idx` (`name`),
  UNIQUE KEY `craft_sections_handle_unq_idx` (`handle`),
  KEY `craft_sections_structureId_fk` (`structureId`)
) ENGINE=InnoDB AUTO_INCREMENT=5 DEFAULT CHARSET=utf8 COLLATE=utf8_unicode_ci;

--
-- Data for table `craft_sections`
--

INSERT INTO `craft_sections` (`id`, `structureId`, `name`, `handle`, `type`, `hasUrls`, `template`, `enableVersioning`, `dateCreated`, `dateUpdated`, `uid`) VALUES
 ('1', NULL, 'Home', 'home', 'single', '1', 'index', '1', '2017-09-15 20:51:25', '2017-09-30 02:08:43', 'd72b82f9-e402-47e7-950d-fda47a14ce28'),
 ('2', NULL, 'Latest News', 'latestNews', 'channel', '1', 'news/_entry', '1', '2017-09-28 16:37:38', '2017-09-30 02:49:30', '0bf6752d-317f-42e7-a123-94cb3b4a30e1'),
 ('3', NULL, 'Upcoming Events', 'upcomingEvents', 'channel', '1', 'upcoming-events/_entry', '1', '2017-09-29 19:59:12', '2017-09-29 19:59:12', 'f27ab47a-3c1e-4fdd-9b0b-187d681e9eca'),
 ('4', NULL, 'About', 'about', 'single', '1', 'subpage', '1', '2017-09-30 02:07:57', '2017-09-30 02:14:47', '2bbb7f44-13a2-44ce-9620-dc67269c09c7');



DROP TABLE IF EXISTS `craft_sections_i18n`;


--
-- Schema for table `craft_sections_i18n`
--
CREATE TABLE `craft_sections_i18n` (
  `id` int(11) NOT NULL AUTO_INCREMENT,
  `sectionId` int(11) NOT NULL,
  `locale` char(12) COLLATE utf8_unicode_ci NOT NULL,
  `enabledByDefault` tinyint(1) unsigned NOT NULL DEFAULT '1',
  `urlFormat` text COLLATE utf8_unicode_ci,
  `nestedUrlFormat` text COLLATE utf8_unicode_ci,
  `dateCreated` datetime NOT NULL,
  `dateUpdated` datetime NOT NULL,
  `uid` char(36) COLLATE utf8_unicode_ci NOT NULL DEFAULT '0',
  PRIMARY KEY (`id`),
  UNIQUE KEY `craft_sections_i18n_sectionId_locale_unq_idx` (`sectionId`,`locale`),
  KEY `craft_sections_i18n_locale_fk` (`locale`)
) ENGINE=InnoDB AUTO_INCREMENT=5 DEFAULT CHARSET=utf8 COLLATE=utf8_unicode_ci;

--
-- Data for table `craft_sections_i18n`
--

INSERT INTO `craft_sections_i18n` (`id`, `sectionId`, `locale`, `enabledByDefault`, `urlFormat`, `nestedUrlFormat`, `dateCreated`, `dateUpdated`, `uid`) VALUES
 ('1', '1', 'en_ca', '1', '__home__', NULL, '2017-09-15 20:51:25', '2017-09-15 20:51:25', '2eb68add-0210-4621-b2d0-821ac4164c45'),
 ('2', '2', 'en_ca', '1', 'latest-news/{slug}', NULL, '2017-09-28 16:37:39', '2017-09-28 16:37:39', '6a869412-65f6-476c-a2f9-c578b62cc5a2'),
 ('3', '3', 'en_ca', '1', 'upcoming-events/{slug}', NULL, '2017-09-29 19:59:12', '2017-09-29 19:59:12', '2e329952-125b-4e78-8758-eefeddf3a658'),
 ('4', '4', 'en_ca', '1', 'about', NULL, '2017-09-30 02:07:57', '2017-09-30 02:07:57', 'b04bb7c7-ac02-40df-9687-7a6e781b4de5');



DROP TABLE IF EXISTS `craft_sessions`;


--
-- Schema for table `craft_sessions`
--
CREATE TABLE `craft_sessions` (
  `id` int(11) NOT NULL AUTO_INCREMENT,
  `userId` int(11) NOT NULL,
  `token` char(100) COLLATE utf8_unicode_ci NOT NULL,
  `dateCreated` datetime NOT NULL,
  `dateUpdated` datetime NOT NULL,
  `uid` char(36) COLLATE utf8_unicode_ci NOT NULL DEFAULT '0',
  PRIMARY KEY (`id`),
  KEY `craft_sessions_uid_idx` (`uid`),
  KEY `craft_sessions_token_idx` (`token`),
  KEY `craft_sessions_dateUpdated_idx` (`dateUpdated`),
  KEY `craft_sessions_userId_fk` (`userId`)
) ENGINE=InnoDB AUTO_INCREMENT=12 DEFAULT CHARSET=utf8 COLLATE=utf8_unicode_ci;

DROP TABLE IF EXISTS `craft_shunnedmessages`;


--
-- Schema for table `craft_shunnedmessages`
--
CREATE TABLE `craft_shunnedmessages` (
  `id` int(11) NOT NULL AUTO_INCREMENT,
  `userId` int(11) NOT NULL,
  `message` varchar(255) COLLATE utf8_unicode_ci NOT NULL,
  `expiryDate` datetime DEFAULT NULL,
  `dateCreated` datetime NOT NULL,
  `dateUpdated` datetime NOT NULL,
  `uid` char(36) COLLATE utf8_unicode_ci NOT NULL DEFAULT '0',
  PRIMARY KEY (`id`),
  UNIQUE KEY `craft_shunnedmessages_userId_message_unq_idx` (`userId`,`message`)
) ENGINE=InnoDB DEFAULT CHARSET=utf8 COLLATE=utf8_unicode_ci;

DROP TABLE IF EXISTS `craft_structureelements`;


--
-- Schema for table `craft_structureelements`
--
CREATE TABLE `craft_structureelements` (
  `id` int(11) NOT NULL AUTO_INCREMENT,
  `structureId` int(11) NOT NULL,
  `elementId` int(11) DEFAULT NULL,
  `root` int(11) unsigned DEFAULT NULL,
  `lft` int(11) unsigned NOT NULL,
  `rgt` int(11) unsigned NOT NULL,
  `level` smallint(6) unsigned NOT NULL,
  `dateCreated` datetime NOT NULL,
  `dateUpdated` datetime NOT NULL,
  `uid` char(36) COLLATE utf8_unicode_ci NOT NULL DEFAULT '0',
  PRIMARY KEY (`id`),
  UNIQUE KEY `craft_structureelements_structureId_elementId_unq_idx` (`structureId`,`elementId`),
  KEY `craft_structureelements_root_idx` (`root`),
  KEY `craft_structureelements_lft_idx` (`lft`),
  KEY `craft_structureelements_rgt_idx` (`rgt`),
  KEY `craft_structureelements_level_idx` (`level`),
  KEY `craft_structureelements_elementId_fk` (`elementId`)
) ENGINE=InnoDB DEFAULT CHARSET=utf8 COLLATE=utf8_unicode_ci;

DROP TABLE IF EXISTS `craft_structures`;


--
-- Schema for table `craft_structures`
--
CREATE TABLE `craft_structures` (
  `id` int(11) NOT NULL AUTO_INCREMENT,
  `maxLevels` smallint(6) unsigned DEFAULT NULL,
  `dateCreated` datetime NOT NULL,
  `dateUpdated` datetime NOT NULL,
  `uid` char(36) COLLATE utf8_unicode_ci NOT NULL DEFAULT '0',
  PRIMARY KEY (`id`)
) ENGINE=InnoDB DEFAULT CHARSET=utf8 COLLATE=utf8_unicode_ci;

DROP TABLE IF EXISTS `craft_systemsettings`;


--
-- Schema for table `craft_systemsettings`
--
CREATE TABLE `craft_systemsettings` (
  `id` int(11) NOT NULL AUTO_INCREMENT,
  `category` varchar(15) COLLATE utf8_unicode_ci NOT NULL,
  `settings` text COLLATE utf8_unicode_ci,
  `dateCreated` datetime NOT NULL,
  `dateUpdated` datetime NOT NULL,
  `uid` char(36) COLLATE utf8_unicode_ci NOT NULL DEFAULT '0',
  PRIMARY KEY (`id`),
  UNIQUE KEY `craft_systemsettings_category_unq_idx` (`category`)
) ENGINE=InnoDB AUTO_INCREMENT=2 DEFAULT CHARSET=utf8 COLLATE=utf8_unicode_ci;

--
-- Data for table `craft_systemsettings`
--

INSERT INTO `craft_systemsettings` (`id`, `category`, `settings`, `dateCreated`, `dateUpdated`, `uid`) VALUES
 ('1', 'email', '{\"protocol\":\"php\",\"emailAddress\":\"ryan@liquidtrends.com\",\"senderName\":\"Chipewyan Prairie Dene First Nation\"}', '2017-09-15 20:51:24', '2017-09-15 20:51:24', '9e9f3990-c420-4e85-9c8a-5632a27cd7de');



DROP TABLE IF EXISTS `craft_taggroups`;


--
-- Schema for table `craft_taggroups`
--
CREATE TABLE `craft_taggroups` (
  `id` int(11) NOT NULL AUTO_INCREMENT,
  `name` varchar(255) COLLATE utf8_unicode_ci NOT NULL,
  `handle` varchar(255) COLLATE utf8_unicode_ci NOT NULL,
  `fieldLayoutId` int(10) DEFAULT NULL,
  `dateCreated` datetime NOT NULL,
  `dateUpdated` datetime NOT NULL,
  `uid` char(36) COLLATE utf8_unicode_ci NOT NULL DEFAULT '0',
  PRIMARY KEY (`id`),
  UNIQUE KEY `craft_taggroups_name_unq_idx` (`name`),
  UNIQUE KEY `craft_taggroups_handle_unq_idx` (`handle`),
  KEY `craft_taggroups_fieldLayoutId_fk` (`fieldLayoutId`)
) ENGINE=InnoDB AUTO_INCREMENT=2 DEFAULT CHARSET=utf8 COLLATE=utf8_unicode_ci;

--
-- Data for table `craft_taggroups`
--

INSERT INTO `craft_taggroups` (`id`, `name`, `handle`, `fieldLayoutId`, `dateCreated`, `dateUpdated`, `uid`) VALUES
 ('1', 'Default', 'default', '1', '2017-09-15 20:51:24', '2017-09-15 20:51:24', '8ce728e4-4476-4a37-a550-49598e433147');



DROP TABLE IF EXISTS `craft_tags`;


--
-- Schema for table `craft_tags`
--
CREATE TABLE `craft_tags` (
  `id` int(11) NOT NULL,
  `groupId` int(11) NOT NULL,
  `dateCreated` datetime NOT NULL,
  `dateUpdated` datetime NOT NULL,
  `uid` char(36) COLLATE utf8_unicode_ci NOT NULL DEFAULT '0',
  PRIMARY KEY (`id`),
  KEY `craft_tags_groupId_fk` (`groupId`)
) ENGINE=InnoDB DEFAULT CHARSET=utf8 COLLATE=utf8_unicode_ci;

DROP TABLE IF EXISTS `craft_tasks`;


--
-- Schema for table `craft_tasks`
--
CREATE TABLE `craft_tasks` (
  `id` int(11) NOT NULL AUTO_INCREMENT,
  `root` int(11) unsigned DEFAULT NULL,
  `lft` int(11) unsigned NOT NULL,
  `rgt` int(11) unsigned NOT NULL,
  `level` smallint(6) unsigned NOT NULL,
  `currentStep` int(11) unsigned DEFAULT NULL,
  `totalSteps` int(11) unsigned DEFAULT NULL,
  `status` enum('pending','error','running') COLLATE utf8_unicode_ci DEFAULT NULL,
  `type` varchar(150) COLLATE utf8_unicode_ci NOT NULL,
  `description` varchar(255) COLLATE utf8_unicode_ci DEFAULT NULL,
  `settings` mediumtext COLLATE utf8_unicode_ci,
  `dateCreated` datetime NOT NULL,
  `dateUpdated` datetime NOT NULL,
  `uid` char(36) COLLATE utf8_unicode_ci NOT NULL DEFAULT '0',
  PRIMARY KEY (`id`),
  KEY `craft_tasks_root_idx` (`root`),
  KEY `craft_tasks_lft_idx` (`lft`),
  KEY `craft_tasks_rgt_idx` (`rgt`),
  KEY `craft_tasks_level_idx` (`level`)
) ENGINE=InnoDB AUTO_INCREMENT=24 DEFAULT CHARSET=utf8 COLLATE=utf8_unicode_ci;

DROP TABLE IF EXISTS `craft_templatecachecriteria`;


--
-- Schema for table `craft_templatecachecriteria`
--
CREATE TABLE `craft_templatecachecriteria` (
  `id` int(11) NOT NULL AUTO_INCREMENT,
  `cacheId` int(11) NOT NULL,
  `type` varchar(150) COLLATE utf8_unicode_ci NOT NULL,
  `criteria` text COLLATE utf8_unicode_ci NOT NULL,
  PRIMARY KEY (`id`),
  KEY `craft_templatecachecriteria_cacheId_fk` (`cacheId`),
  KEY `craft_templatecachecriteria_type_idx` (`type`)
) ENGINE=InnoDB DEFAULT CHARSET=utf8 COLLATE=utf8_unicode_ci;

DROP TABLE IF EXISTS `craft_templatecacheelements`;


--
-- Schema for table `craft_templatecacheelements`
--
CREATE TABLE `craft_templatecacheelements` (
  `cacheId` int(11) NOT NULL,
  `elementId` int(11) NOT NULL,
  KEY `craft_templatecacheelements_cacheId_fk` (`cacheId`),
  KEY `craft_templatecacheelements_elementId_fk` (`elementId`)
) ENGINE=InnoDB DEFAULT CHARSET=utf8 COLLATE=utf8_unicode_ci;

DROP TABLE IF EXISTS `craft_templatecaches`;


--
-- Schema for table `craft_templatecaches`
--
CREATE TABLE `craft_templatecaches` (
  `id` int(11) NOT NULL AUTO_INCREMENT,
  `cacheKey` varchar(255) COLLATE utf8_unicode_ci NOT NULL,
  `locale` char(12) COLLATE utf8_unicode_ci NOT NULL,
  `path` varchar(255) COLLATE utf8_unicode_ci DEFAULT NULL,
  `expiryDate` datetime NOT NULL,
  `body` mediumtext COLLATE utf8_unicode_ci NOT NULL,
  PRIMARY KEY (`id`),
  KEY `craft_templatecaches_expiryDate_cacheKey_locale_path_idx` (`expiryDate`,`cacheKey`,`locale`,`path`),
  KEY `craft_templatecaches_locale_fk` (`locale`)
) ENGINE=InnoDB DEFAULT CHARSET=utf8 COLLATE=utf8_unicode_ci;

DROP TABLE IF EXISTS `craft_tokens`;


--
-- Schema for table `craft_tokens`
--
CREATE TABLE `craft_tokens` (
  `id` int(11) NOT NULL AUTO_INCREMENT,
  `token` char(32) COLLATE utf8_unicode_ci NOT NULL,
  `route` text COLLATE utf8_unicode_ci,
  `usageLimit` tinyint(3) unsigned DEFAULT NULL,
  `usageCount` tinyint(3) unsigned DEFAULT NULL,
  `expiryDate` datetime NOT NULL,
  `dateCreated` datetime NOT NULL,
  `dateUpdated` datetime NOT NULL,
  `uid` char(36) COLLATE utf8_unicode_ci NOT NULL DEFAULT '0',
  PRIMARY KEY (`id`),
  UNIQUE KEY `craft_tokens_token_unq_idx` (`token`),
  KEY `craft_tokens_expiryDate_idx` (`expiryDate`)
) ENGINE=InnoDB DEFAULT CHARSET=utf8 COLLATE=utf8_unicode_ci;

DROP TABLE IF EXISTS `craft_usergroups`;


--
-- Schema for table `craft_usergroups`
--
CREATE TABLE `craft_usergroups` (
  `id` int(11) NOT NULL AUTO_INCREMENT,
  `name` varchar(255) COLLATE utf8_unicode_ci NOT NULL,
  `handle` varchar(255) COLLATE utf8_unicode_ci NOT NULL,
  `dateCreated` datetime NOT NULL,
  `dateUpdated` datetime NOT NULL,
  `uid` char(36) COLLATE utf8_unicode_ci NOT NULL DEFAULT '0',
  PRIMARY KEY (`id`),
  UNIQUE KEY `craft_usergroups_name_unq_idx` (`name`),
  UNIQUE KEY `craft_usergroups_handle_unq_idx` (`handle`)
) ENGINE=InnoDB DEFAULT CHARSET=utf8 COLLATE=utf8_unicode_ci;

DROP TABLE IF EXISTS `craft_usergroups_users`;


--
-- Schema for table `craft_usergroups_users`
--
CREATE TABLE `craft_usergroups_users` (
  `id` int(11) NOT NULL AUTO_INCREMENT,
  `groupId` int(11) NOT NULL,
  `userId` int(11) NOT NULL,
  `dateCreated` datetime NOT NULL,
  `dateUpdated` datetime NOT NULL,
  `uid` char(36) COLLATE utf8_unicode_ci NOT NULL DEFAULT '0',
  PRIMARY KEY (`id`),
  UNIQUE KEY `craft_usergroups_users_groupId_userId_unq_idx` (`groupId`,`userId`),
  KEY `craft_usergroups_users_userId_fk` (`userId`)
) ENGINE=InnoDB DEFAULT CHARSET=utf8 COLLATE=utf8_unicode_ci;

DROP TABLE IF EXISTS `craft_userpermissions`;


--
-- Schema for table `craft_userpermissions`
--
CREATE TABLE `craft_userpermissions` (
  `id` int(11) NOT NULL AUTO_INCREMENT,
  `name` varchar(255) COLLATE utf8_unicode_ci NOT NULL,
  `dateCreated` datetime NOT NULL,
  `dateUpdated` datetime NOT NULL,
  `uid` char(36) COLLATE utf8_unicode_ci NOT NULL DEFAULT '0',
  PRIMARY KEY (`id`),
  UNIQUE KEY `craft_userpermissions_name_unq_idx` (`name`)
) ENGINE=InnoDB DEFAULT CHARSET=utf8 COLLATE=utf8_unicode_ci;

DROP TABLE IF EXISTS `craft_userpermissions_usergroups`;


--
-- Schema for table `craft_userpermissions_usergroups`
--
CREATE TABLE `craft_userpermissions_usergroups` (
  `id` int(11) NOT NULL AUTO_INCREMENT,
  `permissionId` int(11) NOT NULL,
  `groupId` int(11) NOT NULL,
  `dateCreated` datetime NOT NULL,
  `dateUpdated` datetime NOT NULL,
  `uid` char(36) COLLATE utf8_unicode_ci NOT NULL DEFAULT '0',
  PRIMARY KEY (`id`),
  UNIQUE KEY `craft_userpermissions_usergroups_permissionId_groupId_unq_idx` (`permissionId`,`groupId`),
  KEY `craft_userpermissions_usergroups_groupId_fk` (`groupId`)
) ENGINE=InnoDB DEFAULT CHARSET=utf8 COLLATE=utf8_unicode_ci;

DROP TABLE IF EXISTS `craft_userpermissions_users`;


--
-- Schema for table `craft_userpermissions_users`
--
CREATE TABLE `craft_userpermissions_users` (
  `id` int(11) NOT NULL AUTO_INCREMENT,
  `permissionId` int(11) NOT NULL,
  `userId` int(11) NOT NULL,
  `dateCreated` datetime NOT NULL,
  `dateUpdated` datetime NOT NULL,
  `uid` char(36) COLLATE utf8_unicode_ci NOT NULL DEFAULT '0',
  PRIMARY KEY (`id`),
  UNIQUE KEY `craft_userpermissions_users_permissionId_userId_unq_idx` (`permissionId`,`userId`),
  KEY `craft_userpermissions_users_userId_fk` (`userId`)
) ENGINE=InnoDB DEFAULT CHARSET=utf8 COLLATE=utf8_unicode_ci;

DROP TABLE IF EXISTS `craft_users`;


--
-- Schema for table `craft_users`
--
CREATE TABLE `craft_users` (
  `id` int(11) NOT NULL,
  `username` varchar(100) COLLATE utf8_unicode_ci NOT NULL,
  `photo` varchar(100) COLLATE utf8_unicode_ci DEFAULT NULL,
  `firstName` varchar(100) COLLATE utf8_unicode_ci DEFAULT NULL,
  `lastName` varchar(100) COLLATE utf8_unicode_ci DEFAULT NULL,
  `email` varchar(255) COLLATE utf8_unicode_ci NOT NULL,
  `password` char(255) COLLATE utf8_unicode_ci DEFAULT NULL,
  `preferredLocale` char(12) COLLATE utf8_unicode_ci DEFAULT NULL,
  `weekStartDay` tinyint(1) unsigned NOT NULL DEFAULT '0',
  `admin` tinyint(1) unsigned NOT NULL DEFAULT '0',
  `client` tinyint(1) unsigned NOT NULL DEFAULT '0',
  `locked` tinyint(1) unsigned NOT NULL DEFAULT '0',
  `suspended` tinyint(1) unsigned NOT NULL DEFAULT '0',
  `pending` tinyint(1) unsigned NOT NULL DEFAULT '0',
  `archived` tinyint(1) unsigned NOT NULL DEFAULT '0',
  `lastLoginDate` datetime DEFAULT NULL,
  `lastLoginAttemptIPAddress` varchar(45) COLLATE utf8_unicode_ci DEFAULT NULL,
  `invalidLoginWindowStart` datetime DEFAULT NULL,
  `invalidLoginCount` tinyint(4) unsigned DEFAULT NULL,
  `lastInvalidLoginDate` datetime DEFAULT NULL,
  `lockoutDate` datetime DEFAULT NULL,
  `verificationCode` char(100) COLLATE utf8_unicode_ci DEFAULT NULL,
  `verificationCodeIssuedDate` datetime DEFAULT NULL,
  `unverifiedEmail` varchar(255) COLLATE utf8_unicode_ci DEFAULT NULL,
  `passwordResetRequired` tinyint(1) unsigned NOT NULL DEFAULT '0',
  `lastPasswordChangeDate` datetime DEFAULT NULL,
  `dateCreated` datetime NOT NULL,
  `dateUpdated` datetime NOT NULL,
  `uid` char(36) COLLATE utf8_unicode_ci NOT NULL DEFAULT '0',
  PRIMARY KEY (`id`),
  UNIQUE KEY `craft_users_username_unq_idx` (`username`),
  UNIQUE KEY `craft_users_email_unq_idx` (`email`),
  KEY `craft_users_verificationCode_idx` (`verificationCode`),
  KEY `craft_users_uid_idx` (`uid`),
  KEY `craft_users_preferredLocale_fk` (`preferredLocale`)
) ENGINE=InnoDB DEFAULT CHARSET=utf8 COLLATE=utf8_unicode_ci;

--
-- Data for table `craft_users`
--

INSERT INTO `craft_users` (`id`, `username`, `photo`, `firstName`, `lastName`, `email`, `password`, `preferredLocale`, `weekStartDay`, `admin`, `client`, `locked`, `suspended`, `pending`, `archived`, `lastLoginDate`, `lastLoginAttemptIPAddress`, `invalidLoginWindowStart`, `invalidLoginCount`, `lastInvalidLoginDate`, `lockoutDate`, `verificationCode`, `verificationCodeIssuedDate`, `unverifiedEmail`, `passwordResetRequired`, `lastPasswordChangeDate`, `dateCreated`, `dateUpdated`, `uid`) VALUES
 ('1', 'admin', NULL, NULL, NULL, 'ryan@liquidtrends.com', '$2y$13$zgkbV1lEkKYV5ZRSP9/hseodyzG43nOj62MYGI47XvJW2ysoVLpmG', NULL, '0', '1', '0', '0', '0', '0', '0', '2017-10-03 16:50:43', '127.0.0.1', NULL, NULL, '2017-09-30 02:01:18', NULL, NULL, NULL, NULL, '0', '2017-09-15 20:51:23', '2017-09-15 20:51:23', '2017-10-03 16:50:43', '076d442f-18f7-4fd7-a909-ba071966ef11');



DROP TABLE IF EXISTS `craft_widgets`;


--
-- Schema for table `craft_widgets`
--
CREATE TABLE `craft_widgets` (
  `id` int(11) NOT NULL AUTO_INCREMENT,
  `userId` int(11) NOT NULL,
  `type` varchar(150) COLLATE utf8_unicode_ci NOT NULL,
  `sortOrder` smallint(6) unsigned DEFAULT NULL,
  `colspan` tinyint(4) unsigned DEFAULT NULL,
  `settings` text COLLATE utf8_unicode_ci,
  `enabled` tinyint(1) unsigned NOT NULL DEFAULT '1',
  `dateCreated` datetime NOT NULL,
  `dateUpdated` datetime NOT NULL,
  `uid` char(36) COLLATE utf8_unicode_ci NOT NULL DEFAULT '0',
  PRIMARY KEY (`id`),
  KEY `craft_widgets_userId_fk` (`userId`)
) ENGINE=InnoDB AUTO_INCREMENT=5 DEFAULT CHARSET=utf8 COLLATE=utf8_unicode_ci;

--
-- Data for table `craft_widgets`
--

INSERT INTO `craft_widgets` (`id`, `userId`, `type`, `sortOrder`, `colspan`, `settings`, `enabled`, `dateCreated`, `dateUpdated`, `uid`) VALUES
 ('1', '1', 'RecentEntries', '1', NULL, NULL, '1', '2017-09-15 20:53:51', '2017-09-15 20:53:51', '4cf5951c-3cd8-477c-9401-a4c74eca32db'),
 ('2', '1', 'GetHelp', '2', NULL, NULL, '1', '2017-09-15 20:53:51', '2017-09-15 20:53:51', 'a3acb4fb-2fd4-4764-9d81-d183acb50807'),
 ('3', '1', 'Updates', '3', NULL, NULL, '1', '2017-09-15 20:53:51', '2017-09-15 20:53:51', '34372306-6267-4969-b90e-e911b17cbfc9'),
 ('4', '1', 'Feed', '4', NULL, '{\"url\":\"https:\\/\\/craftcms.com\\/news.rss\",\"title\":\"Craft News\"}', '0', '2017-09-15 20:53:51', '2017-09-15 20:58:45', '012e0ebb-5dfa-4c7c-a19c-0ff42267373c');


--
-- Constraints for tables
--


--
-- Constraints for table `craft_assetfiles`
--
ALTER TABLE `craft_assetfiles`
	ADD CONSTRAINT `craft_assetfiles_folderId_fk` FOREIGN KEY (`folderId`) REFERENCES `craft_assetfolders` (`id`) ON DELETE CASCADE,
	ADD CONSTRAINT `craft_assetfiles_id_fk` FOREIGN KEY (`id`) REFERENCES `craft_elements` (`id`) ON DELETE CASCADE,
	ADD CONSTRAINT `craft_assetfiles_sourceId_fk` FOREIGN KEY (`sourceId`) REFERENCES `craft_assetsources` (`id`) ON DELETE CASCADE;

--
-- Constraints for table `craft_assetfolders`
--
ALTER TABLE `craft_assetfolders`
	ADD CONSTRAINT `craft_assetfolders_parentId_fk` FOREIGN KEY (`parentId`) REFERENCES `craft_assetfolders` (`id`) ON DELETE CASCADE,
	ADD CONSTRAINT `craft_assetfolders_sourceId_fk` FOREIGN KEY (`sourceId`) REFERENCES `craft_assetsources` (`id`) ON DELETE CASCADE;

--
-- Constraints for table `craft_assetindexdata`
--
ALTER TABLE `craft_assetindexdata`
	ADD CONSTRAINT `craft_assetindexdata_sourceId_fk` FOREIGN KEY (`sourceId`) REFERENCES `craft_assetsources` (`id`) ON DELETE CASCADE;

--
-- Constraints for table `craft_assetsources`
--
ALTER TABLE `craft_assetsources`
	ADD CONSTRAINT `craft_assetsources_fieldLayoutId_fk` FOREIGN KEY (`fieldLayoutId`) REFERENCES `craft_fieldlayouts` (`id`) ON DELETE SET NULL;

--
-- Constraints for table `craft_categories`
--
ALTER TABLE `craft_categories`
	ADD CONSTRAINT `craft_categories_groupId_fk` FOREIGN KEY (`groupId`) REFERENCES `craft_categorygroups` (`id`) ON DELETE CASCADE,
	ADD CONSTRAINT `craft_categories_id_fk` FOREIGN KEY (`id`) REFERENCES `craft_elements` (`id`) ON DELETE CASCADE;

--
-- Constraints for table `craft_categorygroups`
--
ALTER TABLE `craft_categorygroups`
	ADD CONSTRAINT `craft_categorygroups_fieldLayoutId_fk` FOREIGN KEY (`fieldLayoutId`) REFERENCES `craft_fieldlayouts` (`id`) ON DELETE SET NULL,
	ADD CONSTRAINT `craft_categorygroups_structureId_fk` FOREIGN KEY (`structureId`) REFERENCES `craft_structures` (`id`) ON DELETE CASCADE;

--
-- Constraints for table `craft_categorygroups_i18n`
--
ALTER TABLE `craft_categorygroups_i18n`
	ADD CONSTRAINT `craft_categorygroups_i18n_groupId_fk` FOREIGN KEY (`groupId`) REFERENCES `craft_categorygroups` (`id`) ON DELETE CASCADE,
	ADD CONSTRAINT `craft_categorygroups_i18n_locale_fk` FOREIGN KEY (`locale`) REFERENCES `craft_locales` (`locale`) ON DELETE CASCADE ON UPDATE CASCADE;

--
-- Constraints for table `craft_content`
--
ALTER TABLE `craft_content`
	ADD CONSTRAINT `craft_content_elementId_fk` FOREIGN KEY (`elementId`) REFERENCES `craft_elements` (`id`) ON DELETE CASCADE,
	ADD CONSTRAINT `craft_content_locale_fk` FOREIGN KEY (`locale`) REFERENCES `craft_locales` (`locale`) ON DELETE CASCADE ON UPDATE CASCADE;

--
-- Constraints for table `craft_elements_i18n`
--
ALTER TABLE `craft_elements_i18n`
	ADD CONSTRAINT `craft_elements_i18n_elementId_fk` FOREIGN KEY (`elementId`) REFERENCES `craft_elements` (`id`) ON DELETE CASCADE,
	ADD CONSTRAINT `craft_elements_i18n_locale_fk` FOREIGN KEY (`locale`) REFERENCES `craft_locales` (`locale`) ON DELETE CASCADE ON UPDATE CASCADE;

--
-- Constraints for table `craft_emailmessages`
--
ALTER TABLE `craft_emailmessages`
	ADD CONSTRAINT `craft_emailmessages_locale_fk` FOREIGN KEY (`locale`) REFERENCES `craft_locales` (`locale`) ON DELETE CASCADE ON UPDATE CASCADE;

--
-- Constraints for table `craft_entries`
--
ALTER TABLE `craft_entries`
	ADD CONSTRAINT `craft_entries_authorId_fk` FOREIGN KEY (`authorId`) REFERENCES `craft_users` (`id`) ON DELETE CASCADE,
	ADD CONSTRAINT `craft_entries_id_fk` FOREIGN KEY (`id`) REFERENCES `craft_elements` (`id`) ON DELETE CASCADE,
	ADD CONSTRAINT `craft_entries_sectionId_fk` FOREIGN KEY (`sectionId`) REFERENCES `craft_sections` (`id`) ON DELETE CASCADE,
	ADD CONSTRAINT `craft_entries_typeId_fk` FOREIGN KEY (`typeId`) REFERENCES `craft_entrytypes` (`id`) ON DELETE CASCADE;

--
-- Constraints for table `craft_entrydrafts`
--
ALTER TABLE `craft_entrydrafts`
	ADD CONSTRAINT `craft_entrydrafts_creatorId_fk` FOREIGN KEY (`creatorId`) REFERENCES `craft_users` (`id`) ON DELETE CASCADE,
	ADD CONSTRAINT `craft_entrydrafts_entryId_fk` FOREIGN KEY (`entryId`) REFERENCES `craft_entries` (`id`) ON DELETE CASCADE,
	ADD CONSTRAINT `craft_entrydrafts_locale_fk` FOREIGN KEY (`locale`) REFERENCES `craft_locales` (`locale`) ON DELETE CASCADE ON UPDATE CASCADE,
	ADD CONSTRAINT `craft_entrydrafts_sectionId_fk` FOREIGN KEY (`sectionId`) REFERENCES `craft_sections` (`id`) ON DELETE CASCADE;

--
-- Constraints for table `craft_entrytypes`
--
ALTER TABLE `craft_entrytypes`
	ADD CONSTRAINT `craft_entrytypes_fieldLayoutId_fk` FOREIGN KEY (`fieldLayoutId`) REFERENCES `craft_fieldlayouts` (`id`) ON DELETE SET NULL,
	ADD CONSTRAINT `craft_entrytypes_sectionId_fk` FOREIGN KEY (`sectionId`) REFERENCES `craft_sections` (`id`) ON DELETE CASCADE;

--
-- Constraints for table `craft_entryversions`
--
ALTER TABLE `craft_entryversions`
	ADD CONSTRAINT `craft_entryversions_creatorId_fk` FOREIGN KEY (`creatorId`) REFERENCES `craft_users` (`id`) ON DELETE SET NULL,
	ADD CONSTRAINT `craft_entryversions_entryId_fk` FOREIGN KEY (`entryId`) REFERENCES `craft_entries` (`id`) ON DELETE CASCADE,
	ADD CONSTRAINT `craft_entryversions_locale_fk` FOREIGN KEY (`locale`) REFERENCES `craft_locales` (`locale`) ON DELETE CASCADE ON UPDATE CASCADE,
	ADD CONSTRAINT `craft_entryversions_sectionId_fk` FOREIGN KEY (`sectionId`) REFERENCES `craft_sections` (`id`) ON DELETE CASCADE;

--
-- Constraints for table `craft_fieldlayoutfields`
--
ALTER TABLE `craft_fieldlayoutfields`
	ADD CONSTRAINT `craft_fieldlayoutfields_fieldId_fk` FOREIGN KEY (`fieldId`) REFERENCES `craft_fields` (`id`) ON DELETE CASCADE,
	ADD CONSTRAINT `craft_fieldlayoutfields_layoutId_fk` FOREIGN KEY (`layoutId`) REFERENCES `craft_fieldlayouts` (`id`) ON DELETE CASCADE,
	ADD CONSTRAINT `craft_fieldlayoutfields_tabId_fk` FOREIGN KEY (`tabId`) REFERENCES `craft_fieldlayouttabs` (`id`) ON DELETE CASCADE;

--
-- Constraints for table `craft_fieldlayouttabs`
--
ALTER TABLE `craft_fieldlayouttabs`
	ADD CONSTRAINT `craft_fieldlayouttabs_layoutId_fk` FOREIGN KEY (`layoutId`) REFERENCES `craft_fieldlayouts` (`id`) ON DELETE CASCADE;

--
-- Constraints for table `craft_fields`
--
ALTER TABLE `craft_fields`
	ADD CONSTRAINT `craft_fields_groupId_fk` FOREIGN KEY (`groupId`) REFERENCES `craft_fieldgroups` (`id`) ON DELETE CASCADE;

--
-- Constraints for table `craft_globalsets`
--
ALTER TABLE `craft_globalsets`
	ADD CONSTRAINT `craft_globalsets_fieldLayoutId_fk` FOREIGN KEY (`fieldLayoutId`) REFERENCES `craft_fieldlayouts` (`id`) ON DELETE SET NULL,
	ADD CONSTRAINT `craft_globalsets_id_fk` FOREIGN KEY (`id`) REFERENCES `craft_elements` (`id`) ON DELETE CASCADE;

--
-- Constraints for table `craft_matrixblocks`
--
ALTER TABLE `craft_matrixblocks`
	ADD CONSTRAINT `craft_matrixblocks_fieldId_fk` FOREIGN KEY (`fieldId`) REFERENCES `craft_fields` (`id`) ON DELETE CASCADE,
	ADD CONSTRAINT `craft_matrixblocks_id_fk` FOREIGN KEY (`id`) REFERENCES `craft_elements` (`id`) ON DELETE CASCADE,
	ADD CONSTRAINT `craft_matrixblocks_ownerId_fk` FOREIGN KEY (`ownerId`) REFERENCES `craft_elements` (`id`) ON DELETE CASCADE,
	ADD CONSTRAINT `craft_matrixblocks_ownerLocale_fk` FOREIGN KEY (`ownerLocale`) REFERENCES `craft_locales` (`locale`) ON DELETE CASCADE ON UPDATE CASCADE,
	ADD CONSTRAINT `craft_matrixblocks_typeId_fk` FOREIGN KEY (`typeId`) REFERENCES `craft_matrixblocktypes` (`id`) ON DELETE CASCADE;

--
-- Constraints for table `craft_matrixblocktypes`
--
ALTER TABLE `craft_matrixblocktypes`
	ADD CONSTRAINT `craft_matrixblocktypes_fieldId_fk` FOREIGN KEY (`fieldId`) REFERENCES `craft_fields` (`id`) ON DELETE CASCADE,
	ADD CONSTRAINT `craft_matrixblocktypes_fieldLayoutId_fk` FOREIGN KEY (`fieldLayoutId`) REFERENCES `craft_fieldlayouts` (`id`) ON DELETE SET NULL;

--
-- Constraints for table `craft_migrations`
--
ALTER TABLE `craft_migrations`
	ADD CONSTRAINT `craft_migrations_pluginId_fk` FOREIGN KEY (`pluginId`) REFERENCES `craft_plugins` (`id`) ON DELETE CASCADE;

--
-- Constraints for table `craft_relations`
--
ALTER TABLE `craft_relations`
	ADD CONSTRAINT `craft_relations_fieldId_fk` FOREIGN KEY (`fieldId`) REFERENCES `craft_fields` (`id`) ON DELETE CASCADE,
	ADD CONSTRAINT `craft_relations_sourceId_fk` FOREIGN KEY (`sourceId`) REFERENCES `craft_elements` (`id`) ON DELETE CASCADE,
	ADD CONSTRAINT `craft_relations_sourceLocale_fk` FOREIGN KEY (`sourceLocale`) REFERENCES `craft_locales` (`locale`) ON DELETE CASCADE ON UPDATE CASCADE,
	ADD CONSTRAINT `craft_relations_targetId_fk` FOREIGN KEY (`targetId`) REFERENCES `craft_elements` (`id`) ON DELETE CASCADE;

--
-- Constraints for table `craft_routes`
--
ALTER TABLE `craft_routes`
	ADD CONSTRAINT `craft_routes_locale_fk` FOREIGN KEY (`locale`) REFERENCES `craft_locales` (`locale`) ON DELETE CASCADE ON UPDATE CASCADE;

--
-- Constraints for table `craft_sections`
--
ALTER TABLE `craft_sections`
	ADD CONSTRAINT `craft_sections_structureId_fk` FOREIGN KEY (`structureId`) REFERENCES `craft_structures` (`id`) ON DELETE SET NULL;

--
-- Constraints for table `craft_sections_i18n`
--
ALTER TABLE `craft_sections_i18n`
	ADD CONSTRAINT `craft_sections_i18n_locale_fk` FOREIGN KEY (`locale`) REFERENCES `craft_locales` (`locale`) ON DELETE CASCADE ON UPDATE CASCADE,
	ADD CONSTRAINT `craft_sections_i18n_sectionId_fk` FOREIGN KEY (`sectionId`) REFERENCES `craft_sections` (`id`) ON DELETE CASCADE;

--
-- Constraints for table `craft_sessions`
--
ALTER TABLE `craft_sessions`
	ADD CONSTRAINT `craft_sessions_userId_fk` FOREIGN KEY (`userId`) REFERENCES `craft_users` (`id`) ON DELETE CASCADE;

--
-- Constraints for table `craft_shunnedmessages`
--
ALTER TABLE `craft_shunnedmessages`
	ADD CONSTRAINT `craft_shunnedmessages_userId_fk` FOREIGN KEY (`userId`) REFERENCES `craft_users` (`id`) ON DELETE CASCADE;

--
-- Constraints for table `craft_structureelements`
--
ALTER TABLE `craft_structureelements`
	ADD CONSTRAINT `craft_structureelements_elementId_fk` FOREIGN KEY (`elementId`) REFERENCES `craft_elements` (`id`) ON DELETE CASCADE,
	ADD CONSTRAINT `craft_structureelements_structureId_fk` FOREIGN KEY (`structureId`) REFERENCES `craft_structures` (`id`) ON DELETE CASCADE;

--
-- Constraints for table `craft_taggroups`
--
ALTER TABLE `craft_taggroups`
	ADD CONSTRAINT `craft_taggroups_fieldLayoutId_fk` FOREIGN KEY (`fieldLayoutId`) REFERENCES `craft_fieldlayouts` (`id`) ON DELETE SET NULL;

--
-- Constraints for table `craft_tags`
--
ALTER TABLE `craft_tags`
	ADD CONSTRAINT `craft_tags_groupId_fk` FOREIGN KEY (`groupId`) REFERENCES `craft_taggroups` (`id`) ON DELETE CASCADE,
	ADD CONSTRAINT `craft_tags_id_fk` FOREIGN KEY (`id`) REFERENCES `craft_elements` (`id`) ON DELETE CASCADE;

--
-- Constraints for table `craft_templatecachecriteria`
--
ALTER TABLE `craft_templatecachecriteria`
	ADD CONSTRAINT `craft_templatecachecriteria_cacheId_fk` FOREIGN KEY (`cacheId`) REFERENCES `craft_templatecaches` (`id`) ON DELETE CASCADE;

--
-- Constraints for table `craft_templatecacheelements`
--
ALTER TABLE `craft_templatecacheelements`
	ADD CONSTRAINT `craft_templatecacheelements_cacheId_fk` FOREIGN KEY (`cacheId`) REFERENCES `craft_templatecaches` (`id`) ON DELETE CASCADE,
	ADD CONSTRAINT `craft_templatecacheelements_elementId_fk` FOREIGN KEY (`elementId`) REFERENCES `craft_elements` (`id`) ON DELETE CASCADE;

--
-- Constraints for table `craft_templatecaches`
--
ALTER TABLE `craft_templatecaches`
	ADD CONSTRAINT `craft_templatecaches_locale_fk` FOREIGN KEY (`locale`) REFERENCES `craft_locales` (`locale`) ON DELETE CASCADE ON UPDATE CASCADE;

--
-- Constraints for table `craft_usergroups_users`
--
ALTER TABLE `craft_usergroups_users`
	ADD CONSTRAINT `craft_usergroups_users_groupId_fk` FOREIGN KEY (`groupId`) REFERENCES `craft_usergroups` (`id`) ON DELETE CASCADE,
	ADD CONSTRAINT `craft_usergroups_users_userId_fk` FOREIGN KEY (`userId`) REFERENCES `craft_users` (`id`) ON DELETE CASCADE;

--
-- Constraints for table `craft_userpermissions_usergroups`
--
ALTER TABLE `craft_userpermissions_usergroups`
	ADD CONSTRAINT `craft_userpermissions_usergroups_groupId_fk` FOREIGN KEY (`groupId`) REFERENCES `craft_usergroups` (`id`) ON DELETE CASCADE,
	ADD CONSTRAINT `craft_userpermissions_usergroups_permissionId_fk` FOREIGN KEY (`permissionId`) REFERENCES `craft_userpermissions` (`id`) ON DELETE CASCADE;

--
-- Constraints for table `craft_userpermissions_users`
--
ALTER TABLE `craft_userpermissions_users`
	ADD CONSTRAINT `craft_userpermissions_users_permissionId_fk` FOREIGN KEY (`permissionId`) REFERENCES `craft_userpermissions` (`id`) ON DELETE CASCADE,
	ADD CONSTRAINT `craft_userpermissions_users_userId_fk` FOREIGN KEY (`userId`) REFERENCES `craft_users` (`id`) ON DELETE CASCADE;

--
-- Constraints for table `craft_users`
--
ALTER TABLE `craft_users`
	ADD CONSTRAINT `craft_users_id_fk` FOREIGN KEY (`id`) REFERENCES `craft_elements` (`id`) ON DELETE CASCADE,
	ADD CONSTRAINT `craft_users_preferredLocale_fk` FOREIGN KEY (`preferredLocale`) REFERENCES `craft_locales` (`locale`) ON DELETE SET NULL ON UPDATE CASCADE;

--
-- Constraints for table `craft_widgets`
--
ALTER TABLE `craft_widgets`
	ADD CONSTRAINT `craft_widgets_userId_fk` FOREIGN KEY (`userId`) REFERENCES `craft_users` (`id`) ON DELETE CASCADE;

SET FOREIGN_KEY_CHECKS = 1;
